西国立,駅から5分,住宅街,立川,方面,進み,都道,145,号線,面し,角地,ある,南武線,踏切,ほど近く,立川駅,歩ける,距離,店内,パステルカラー,多用,し,内装,ラーメン屋,中華料理,屋,改装,し,雰囲気,夫妻,営業,し,いる,ドリンク,紹興酒,ソーダ,割り,特徴的,ドラゴン,ハイボール,480円,善,醸,ソーダ,レモン,割っ,い,いただける,炙り,チャーシュー,380円,千切りキャベツ,上,4枚,香ばしく,炙っ,あっ,八角,感じる,トマト,玉子,炒め,720円,中深,皿,登場,する,玉子,火,入り,玉子,レア,麻婆豆腐,茄子,680円,花山椒,効い,い,口,中,辛さ,残る,自家製,ベーコン,青菜,にんにく,強火,炒め,720円,ベーコン,チンゲン菜,炒め,醤油,味付け,香ばしい,叉焼,チャーハン,680円,炒め,あっ,玉子,香ばしい,すべて,実直,丁寧,調理,さ,れ,い,外れ,春巻,水餃子,焼売,等,美味しい,炒め,物,多い,アブラ,控え目,優しい,味わい,基本,メニュー,固定,さ,れ,いる,頻繁,伺う,頼む,もの,重なっ,しまい,がち,黒板,日,スペシャル,ある,変化,付ける,の,面白い
立川駅,15分,西国立駅,数,分,身体,優しい,アットホーム,中華,店,カウンター,あり,一人,様,やさしい,料理,中華,ある,ん,優しい,奥深い,味,美味,強,すぎ,満足,出来る,スパイス,使い,一つ一つ,感動,し,ランチ,利用,し,こと,なかっ,の,今回,店,貸し切っ,宴会,呼ん,貰っ,初,夜,利用,5000円,飲み放題,付き,飲み放題,ビール,サワー,紹興酒,ワイン,あっ,料理,普段,食べ,れ,物,リクエスト,し,くれ,そう,正式名称,分から,教え,くれ,の,飲兵衛,記憶,前菜,揚げ,チャーシュー,青菜,炒め,魚,肉,普段,食べる,エビ,酢豚,食べる,中華,たくさん,どれ,和風,違う,油,っぽく,優し,い味,美味しい,味わい,奥深く,山椒,等,随所,スパイス,効い,い,付け合わせ,人参,飾り,切り,素晴らし,過ぎ,集め,しまい,追加,餡かけ,炒飯,注文,し,腹いっぱい,心,満足,美味しい,味,雰囲気,優しい,来,さん,レビュアー,さん,絶賛,中華料理,屋,さん,行け,店内,薄暗く,カウンター,テーブル,中華,言う,カフェ,みたい,雰囲気,落ち着き,ランチ,Bコース,980円,注文,ご飯,メイン,2つ,小皿,デザート,ドリンク,それぞれ,選べ,薬膳,滋養,スープ,本日,野菜,付き,選べる,ご飯,類,うるおい,チャーハン,メイン,七,色,豚,チーズ,ミルフィーユ,酢豚,完熟トマト,エビチリ,小皿,五目,春巻き,デザート,バニラアイス,バルサミコアップル,がけ,どれ,美味,しそう,悩み,ご飯,類,3種類,メイン,10種類,小皿,5種類,デザート,10種類,選べる,毎日,来,飽き,な,さ,そう,10分,揚げ,炒め,する,音,聞き,待ち,丁寧,自分のために,作っ,くれ,いる,感じ,悪く,音,食欲,そそり,出,き,セット,色々,物,女性,嬉しい,感じ,食べ,男性,物足りない,量,薬膳,滋養,スープ,身体,入っ,いく,感じ,漢方,みたい,味,する,思い,こと,優し,い味,代わり,し,チャーハン,油っこく,塩コショウ,最低限,麦,食感,良く,一般,的,中華,チャーハン,違う,味,飽き,こ,茶碗,一,杯,ペロリ,酢豚,私,味,濃いめ,し,さつま芋,千切り,ドライ,さつま芋,上,乗っ,い,の,印象的,こちら,油,控えめ,たれ,さ,そう,丁寧,盛り,付け,思い,エビチリ,トマト,酸味,後,ピリ辛,楽しめる,一品,エビ,小ぶり,美味しい～,後,ひく,美味し,さ,バニラアイス,バルサミコアップル,がけ,味,アイス,酢,発想,なかっ,思い,甘,さ,し,後味,なっ,有り,自分,やっ,みよ,う～,思い,バルサミコ,提供,さ,れ,苦手,方,アイス,食べ,られ,最後,ドリンク,マンゴー,ジュース,一息,何,何,揃っ,980円,CP,良さ,油,控えめ,し,毎日,食べ,なる,中華,１つ,１つ,丁寧,作ら,れ,い,よく,ある,街,中華,大雑把,早く,言う,の,全く,違う,中華,西国立,来,理由,つけ,行こ,思い,ごちそうさま
平日,12時,30分,頃,来店,し,店内,９,割,人,入っ,い,皆さん,提供,待っ,いる,様子,カウンター,席,座る,こと,でき,Bコース,ランチ,選択,税込,¥1020,選べる,メイン,エビマヨ,選べる,ごはん,チャーハン,選べる,小皿,２,皿,水餃子,かに,クリーム,春巻,選べる,デザート,マンゴープリン,ヨーグルト,ムース,マリアージュ,選べる,ドリンク,ホット,ウーロン,これだけ,選択肢,幅,もらえる,ランチ,コース,どれ,美味,しそう,迷っ,しまい,店,夫婦,切り盛り,さ,れ,いる,提供,20分,かかり,時間,余裕,持っ,いっ,た方,良,さ,そう,奥さま,丁寧,接客,しかり,一品,いっぴ,ん,料理,熱々,手が込ん,い,満足,チャーハン,ゴボウ,もち,むぎ,入っ,い,油,っぽい,中華,違い,健康的,気,遣っ,くれる,店,他,メニュー,食べ,来,応援,し,店
友人,親子,国立,界隈,ランチ,たま,新規,開拓,こと,めざし,の,国立,立川,ある,中華,食堂,癒,食,源,さん,私たち,車,アクセス,し,の,最寄り駅,南武線,西国立駅,なる,そう,西国立,徒歩,4分,立川,14分,周辺,コインパーキング,たくさん,ある,よう,広く,店内,駅,距離,ある,満席,目,前,運ば,れ,いく,料理,品数,多い,こと,いっ,驚,ランチメニュー,組み合わせ,あっ,楽しい,単品,メニュー,プラス,料金,ボリューム,増やせる,他,それぞれ,薬膳,滋養,スープ,本日,小皿,本日,デザート,つい,くる,セット,メニュー,A,D,セレクト,メニュー,すごい,Aコース,890円,麻婆豆腐,固定,Bコース,1,020,円,メイン,1,品,小皿,2,品,C,コース,1,500円,メイン,2,品,小皿,1,品,D,コース,1,630円,メイン,2,品,小皿,2,品,中,究極の選択,し,なら,ご飯,1,白ごはん,2,特製,チャーハン,3,す,葉,蒸し,おこわ,4,中華,蒸しパン,メイン,料理,1,豚肉,チーズ,ミルフィーユ,酢豚,2,豚肉,根菜,黒酢,酢豚,3,鶏肉,カシューナッツ,香り,唐辛子,炒め,4,豚,角煮,燻製,玉子,5,こだわり,麻婆豆腐,茄子,6,ソフトシェルクラブ,香草,パン粉,炒め,7,海鮮,中華風,オムレツ,8,白身魚,豆,粉,揚げ,9.,エビ,マヨネーズ,ソース,10,完熟トマト,エビ,チリソース,小皿,1,カニ,クリーム,春巻,2,パリ,パリ,五目,春巻,3,キーマカレー,もち粉,揚げ,4,水餃子,5,熟成,焼売,デザート,1,杏仁豆腐,あんず,香り,2,濃厚,マンゴ,プリン,ヨーグルト,ムース,マリアージュ,3,台湾,黒,タピオカ,入り,ココナッツミルク,4,アールグレイ,プリン,5,紹興酒,ムース,6,やわらか,あんこ,チョコ,7,中華風,蒸し,黒糖,カステラ,8,クルミ,入り,黒胡麻,あん,胡麻団子,9.,カスタード,春巻,ドリンク,1,ウーロン茶,アイス,ホット,2,ジャスミン茶,アイス,ホット,3,ポンジュース,4,野菜ジュース,5,アップルマンゴジュース,6,特保,メッツコーラ,7,炭酸水,たくさん,選べ,言い,選べ,しまう,不思議,全員,C,コース,1,500円,メイン,2,品,小皿,1,品,セレクト,私,メイン,豚肉,根菜,黒酢,酢豚,完熟トマト,エビ,チリソース,小皿,カニ,クリーム,春巻,ご飯,もの,はす,葉,蒸し,おこわ,デザート,濃厚,マンゴ,プリン,ヨーグルト,ムース,マリアージュ,ドリンク,アイスジャスミンティー,お願い,する,友人,メイン,鶏肉,カシューナッツ,香り,唐辛子,炒め,ソフトシェルクラブ,香草,パン粉,炒め,小皿,キーマカレー,もち粉,揚げ,ご飯,もの,特製,チャーハン,デザート,台湾,黒,タピオカ,入り,ココナッツミルク,ドリンク,炭酸水,A,D,コース,本日,温野菜,薬膳,滋養,スープ,つい,くる,バラバラ,オーダー,時間,要し,すべて,熱々,提供,さ,れる,の,嬉しい,エビチリ,マイルド,味付け,相当,辛く,物,頼ん,い,友人,娘,途中,ギブアップ,黒酢,酢豚,味付け,濃い,感じ,思え,根菜,類,いただく,馴染ん,いく,いずれ,普段,うち,作る,黒酢,酢豚,エビチリ,全く,別物,当たり前,はす,葉,蒸し,おこわ,モッチリ,感,中,独特,甘味,染み,い,優しい,味わい,食べる,の,しゃべる,忙しく,かに,クリーム,春巻,辿り,着か,アッサリ,し,シンプル,味わい,かに,クリーム,食べ,思わ,せる,味,最後,マンゴ,プリン,ヨーグルト,ムース,いただい,爽やか,ごちそうさま,友人,特製,チャーハン,鶏肉,カシューナッツ,香り,唐辛子,炒め,ソフトシェルクラブ,香草,パン粉,炒め,味見,四川,系統,汲ん,いる,の,唐辛子,炒め,相当,辛い,優しい,味わい,美味しい,麻婆豆腐,豚,角煮,美味しい,の,ソフト,シェル,優しい,仕上がり,これだけ,カスタムメイド,できる,メニュー,揃っ,いれ,毎日,通っ,飽き,癒,食,源,掲げ,いる,通り,身体,優しい,美味しい,料理,きっと,心,身体,満たさ,れる,こと,よくばっ,注文,し,すぎ,よう,それぞれ,ボリューム,し,いる,私のように,少食,方,場合,Bコース,メイン,一,品,小皿,2,品,し,おい,方,よろしい,しれ,日,夜,なっ,お腹,空か,席数,多く,店,予約,際,席,確認,若い,夫婦,二人,切り盛り,し,いる,可愛らしい,感じ,店,ごちそうさま
日曜日,11,20,頃,訪問,時間,掛かり,よろしい,店員,さん,急い,無かっ,ＯＫ,開店,し,30分,経っ,て,店内,賑わっ,て,私,満席,その後,来,お客さん,３,組,断ら,れ,て,ランチ,コース,４,種類,中,Ａコース,890,注文,選択,式,なっ,て,楽しい,Ａコース,選択肢,少なめ,ん,Ａコース,890,・,ご飯,類,特製,チャーハン,他,白ごはん,メイン,麻婆豆腐,選択肢,なし,小皿,熟成,焼売,他,五目,春巻,水餃子,デザート,濃厚,マンゴ,プリン,ヨーグルト,ムース,マリアージュ,他,杏仁豆腐,あんず,香り,ドリンク,アイス,ジャスミン茶,他,ウーロン茶,30分,出,き,一巡,目,お客さん,オーダー,直後,入店,した,麻婆豆腐,山椒,辛さ,特製,チャーハン,食感,高菜,搾菜,入っ,て,おいしい,スープ,する,青菜,浮い,てる,右上,小鉢,お新香,思い,白菜,エノキ,人参,煮,物,全体的,味,め,内容,味,値段,コスパ,いい,私,店,出る,頃,お客さん,引け,カウンター,１,組,一巡,目,お客さん,居,なる,12,00,頃,逆,狙い,目,ごちそうさま
食べログ,Top,5000,店,前,気,なっ,い,店,行き,にくい,所,ある,行け,い,南武線,沿線,住む,友達,立川,会う,こと,なり,ランチ,行っ,みよ,こと,なり,最寄り駅,立川,西国立,なり,週末,ランチ,混む,思い,開店,時間,店,現地,集合,し,私,遅刻,し,しまい,友達,入っ,て,くれ,無事,1周目,座れ,料理,出,くる,の,時間,ない,時,避け,方,いい,しれ,いくつか,ランチメニュー,中,選ぶ,こと,でき,小皿,何,便,なる,違い,選ぶ,もの,種類,増え,し,私達,後,邪魔,する,思っ,一番,メニュー,数,少ない,プラン,選択,し,お盆,なっ,料理,やってき,それぞれ,食べ,際,印象,脂っこく,こと,中華,いえ,油っこい,イメージ,あり,こちら,すごく,し,お腹,優しい,感じ,し,いっ,満足感,ない,いう,やっ,味,出せる,ん,きっと,カロリー,的,優しい,はず,メイン,小皿,選べる,自分,好み,カスタマイズ,し,満足感,上がり,食べ,気分,デザート,大きく,満足度,高い,こちら,店,味,良さ,コスパ,良さ,メニュー,選べる,ところ,立川駅,歩け,こと,ない,結構,距離,あり,それ,関わら,人気,すごい,近く,行っ,際,伺い,ごちそうさま,中華,食堂,癒,食,源,関連,ランキング,中華料理,西国立駅,立川駅
土曜日,昼,来店,立川駅,離れ,ところ,あり,開店,お客さん,来店,し,い,店内,カウンター,席,5,席,テーブル席,数,席,あまり,広く,ありません,軽い,感じ,BGM,接客,担当,奥様,やわらかい,雰囲気,ほっこり,さ,せ,くれ,ランチ,どんぶり,物,セット,主食,メイン,小皿,デザート,ドリンク,それぞれ,選べる,セット,あり,今回,それぞれ,1種類,選べる,Ａコース,890円,税込み,選択,し,注文,料理,運ば,れ,くる,30分,以上,かかり,店,来る,際,時間,余裕,持っ,来,た方,いい,思い,特製,チャーハン,雑穀,入っ,チャーハン,黒っぽい,色,し,い,ご飯,細かく,刻ま,れ,ごぼう,サクサク,感,アクセント,なっ,食べ,飽き,味付け,控えめ,油っこく,ない,の,油,焦げ,よう,風味,あり,こだわり,麻婆豆腐,茄子,トロミ,つい,い,木綿豆腐,茄子,ぶつ切り,長葱,入っ,い,茄子,存在感,あり,辛み,上,振りかけ,られ,粗,挽き,山椒,効い,い,舌,しびれ,熟成,焼売,し,焼売,豚肉,詰まっ,い,焼売,ある,肉,臭,さ,脂っこ,さ,あり,薬膳,滋養,スープ,薬膳,っぽい,スープ,味付け,控えめ,本日,温野菜,茹で,人参,大根,白菜,エノキ,酢醤油,かかっ,い,杏仁豆腐,あんず,香り,濃厚,なめらか,杏仁豆腐,シロップ,香り,良く,美味しかっ,プチサイズ,数,口,なっ,しまい,食べ,ジャスミン茶,HOT,癒,食,源,店名,通り,体,心,染み渡る,料理,全体的,味付け,控えめ,油っこ,さ,なく,油,弱い,私,胃,たれ,せ,食べ,られ
西国立駅,北側,ある,中華,ランチ,1020円,食べ,立川駅,離れ,いる,美味しい,中華料理,店,ある,聞い,行っ,み,若,夫婦,二人,やっ,いる,待ち時間,ある,場合,ある,書い,あっ,土曜日,11時,30分,頃,行く,開店,時間,11時,1,巡,目,客,満席,状態,持つ,こと,なっ,ランチメニュー,充実,し,おり,食べ,もの,複数,あっ,B,ランチ,し,主菜,黒酢,酢豚,し,これ,絶品,厚み,ある,豚肉,甘酢,餡,かかり,時間,おい,肉,中,熱い,ご飯,類,チャーハン,し,麦,稗,粟,混ざっ,米,独特,食感,鳥,そぼろ,食べ,いる,よう,油っこく,塩梅,良い,小皿,2,品,水餃子,キーマカレー,餅,皮,揚げ,水餃子,皮,厚く,好み,タイプ,キーマカレー,方,餅,皮,餅,のび,加わり,モチ,モチ,中,キーマカレー,辛,すぎ,スパイシー,ところ,食欲,そそる,デザート,アールグレイ,プリン,し,器,入っ,1,口,サイズ,もの,奥さん,ならでは,アイデア,男性,よう,チマチマ,し,た量,もの,考え出せ,これ,ドリンク,付き,コーラ,付け,コスパ,良い,書い,しまう,値段,優先,よう,見え,しまう,味,確か,得,表現,方,的確,会計,時,美味しかっ,照れ臭く,店員,さん,滅多,言わ,の,今回,自然,口,し,しまっ
今年,最後,今回,満足,多かっ,201810,来,いる,アップ,面倒,でき,久しぶり,UP,し,み,今回,一番,なし,どれ,旨く,甲乙,つけ,がたい,2015,12,今年,最後,き,とき,2015,07,ここ,アップ,書い,消え,書い,消え,繰り返し,やっ,こ,さ,アップ,なる,何度,行っ,わかり,何度,邪魔,し,い,すで,立川,多摩地区,高得点,人気,店,なっ,いる,ここ,うまい,ん,接客,格別,すごく,ない,の,夫婦,二人,やら,れ,い,奥さん,笑顔,いい,良い,店,思い,立地,良い,言え,場所,過去,ここに,居酒屋,さん,よう,中華屋,さん,はいり,もっ,1年,不動,地位,確立,し,いる,お客,うまく,利用,する,お昼,時,12時,前,こと,多く,土日,なる,食べログ,見,人,たくさん,来,平日,夜,利用,し,やすい,店,小さく,テーブル,少ない,訪問,時,ピーク,ずらす,よう,さ,れる,いい,思い,料理,どれ,おいしい,あり,カウンター,52人,テーブル,３3,4人,テーブル,１,2015,02
休み,奥様,中華,食堂,癒,食,源,さん,伺い,いたし,私,何度,かお寄,りし,奥様,知ら,よう,訪問,昼過ぎ,店内,入っ,みる,満席,表,待つ,こと,待っ,てる,間,看板,何,気,見る,夫婦,２,人,やっ,いる,店,先頭,お客様,30分,1時間,お待,たせ,し,しまう,場合,ござい,店,場合,主人,妥協,知ら,プロ,料理人,感じ,もの,何,食べ,美味い,致し方,なし,店名,気長,待ち,表,待つ,事,15分,カウンター,席,通さ,れ,２,人,生ビール,注文,し,奥様,Bコース,私,C,コース,選ん,注文,コース,ABCD,メイン,サイド,料理,品数,1,11,22,12,2,変わっ,行く,メイン,10,品,サイド,5,品,ご飯,もの,白飯,チャーハン,おこわ,蒸しパン,デザート,4種類,ソフトドリンク,9種類,選べる,コース,なっ,いる,見事,待っ,いる,間,店内,観察,陶芸家,加藤,ゆみ,さん,益子焼,可愛い,動物,陶芸,品,カウンター,上,並ぶ,天井,近く,黒板,手書き,メニュー,ある,ママ,さん,書い,メニュー,センス,いい,10分,位,待っ,2人,注文,品,来,速い,私,黒酢,酢豚,エビチリ,焼売,杏仁豆腐,ご飯,もの,チャーハン,奥様,豚肉,チーズ,ミルフィーユ,酢豚,春巻き,キーマカレー,餅,粉,揚げ,マンゴープリン,ヨーグルト,ムース,マリアージュ,チャーハン,チャーハン,した味,オカズ,合わせ,味,プリプリ,エビチリ,奥様,シェア,し,黒酢,酢豚,チャーハン,いただく,うま,主人,天才,料理,人,料理,褒め,奥様,喜び,帰り際,若い,ママ,さん,聞き,事,聞い,み,大変,失礼,質問,主人,日本,方,聞か,れる,ん,前,中国,遊び,行っ,時,ガイド,さん,主人,事後,日本人,わかっ,驚い,い,笑顔,接客,接客,料理,達人,達,名コンビ,間,メイン,休み,水曜日,火曜日,なり,さん,水曜日,休み,行き,行け,さん,行ける,よう,なり,あんかけチャーハン,ランチ,780円,いただき,店,チャーハン,食べ,み,朝,走っ,漕い,泳い,疲労困憊,入店,12時,半,カウンター,空き,2,席,満席,オーダー,決め,き,注文,し,ん,お客様,入っ,為,15分,位,待っ,配膳,店,気,流れ,て,待ち時間,気,なら,店,味,体験,し,いる,為,美味い,料理,出,くる,信頼,感,感,待つ,時間,楽しみ,変え,くれ,いる,仕事,休み,急ぐ,理由,何,無い,いただき,食,見た目,チャーハン,小ぶり,木,スプーン,あんかけ,あん,すくい,食べる,あっ,あんかけ,熱い,美味い,可愛く,盛り付け,ある,よだれ,鳥,ちまちま,スープ,挟ん,チャーハン,食べ,いる,チャーハン,具,中,レンコン,小さく,切っ,様,癖,なり,そう,食,感,具材,入っ,てる,食べ,進む,うち,それ,見つけ,噛む,の,楽しく,なっ,くる,ママ,さん,ゴボウ,聞い,納得,し,チャーハン,熱々,あん,し,味付け,見事,食,感,ある,素晴らしい,料理,デザート,マンゴープリン,ヨーグルト,ムース,マリアージュ,美味しかっ,前,思っ,お家,近く,創作,中華,名店,ある,事,感謝,寄り,し,思い,Live,意外,音楽,聞い,ミュージシャン,ファン,なる,時,バラッド,聞い,後,多く,心,凄く,揺さぶら,れる,バラッド,記憶,残り,曲,聴く,それ,聞い,時代,タイムスリップ,する,ファン,生み出す,元,なっ,バラッド,最高,ミュージシャン,ファン,売り上げ,増やす,元,なる,最強,バラッド,表現,大袈裟,ん,さん,麻婆豆腐,茄子,飯,ランチ,いただい,後,美味,すぎ,マジ,心,揺さぶら,れ,美しい,バラッド,出会っ,時,みたい,最高,バラッド,聞い,思っ,ちゃっ,料理,店,ファン,なり,深い,味,麻婆豆腐,茄子,飯,もんじゃ,食べ,主人,顔,見,本場,方,若い,どちら,修行,さ,れ,の,料理,最強,バラッド,欲しい,最強,の,食べ,行く,最強,バラッド,ある,ビートルズ,サザン,みたい,なっ,近く,ある,近所,離れ,他県,世界,進出,し,しまう
2018,3,4,昼,訪問,立川,住ん,でる,友人,い,会い,こと,なり,ランチ,こちら,いただき,近隣,駐車場,車,とめ,行っ,みる,外見,なん,こと,ない,ふつう,中華,入り口,お待,たせ,する,こと,あり,的,文章,書い,あり,入っ,みる,L,字,カウンター,店,お客さん,4人,い,全部,10,席,程度,座れ,内装,変わっ,いる,いう,店,方,美術,系,方,の,オリジナル,絵,人形,置い,あっ,中華,かわいい,系,ビジュアル,囲ま,れ,い,目,スタッフ,方,見,しまう,美大,出身,の,マイペース,サービス,ぶり,嫌味,程度,サービス,し,くれ,今回,いただい,の,ランチ,セット,A,マーボナス,チャーハン,スープ,蒸し餃子,漬物,つい,890,チャーハン,味付け,ごはん,一つ一つ,粒,つく,油,加減,湿り,具合,これ,はかない,いい,の,友人,いただい,天津飯,いい,芙蓉,蟹,玉子,感,あん,具合,中,入る,ごはん,絶妙,の,クオリティ,1000,以内,気に入り
立川,ランチ,ランキング,3位,店,店,11時,30分,到着,し,店内,残り,2,席,座る,事,でき,スタッフ,調理,担当,配膳,担当,2,名,体制,時間,かかる,事,貼り紙,書い,あり,ランチ,6,メニュー,中,五目,あんかけ,ご飯,あんかけチャーハン,頼み,ランチ,スープ,小鉢,ミニ,デザート,付い,き,注文,30分,以上,経過,し,後,料理,提供,さ,れ,店主,一人,調理,ため,時間,かかり,五目,あんかけ,ご飯,780円,優しい,味わい,味,感じる,優しい,餡,チンゲン菜,白菜,豚肉,人参,海老,具,沢山,アツアツ,美味しい,お米,美味しかっ,あんかけチャーハン,780円,し,チャーハン,優しい,味わい,餡,組み合わせ,チャーハン,し,ゴボウ,入っ,い,食感,楽しめ,まとめ,し,中華,楽しむ,いう,優しい,自然派,中華,手頃,楽しむ,店,思い,美味しかっ
立川,周辺,ランチ,する,こと,なり,目,留まっ,の,こちら,癒,食,源,おもしろい,オレンジ色,看板,店名,大書,さ,れ,い,目立ち,店内,テーブル席,３つ,カウンター,席,カラフル,椅子,配置,さ,れ,カフェ,みたい,雰囲気,ランチ,セット,組み合わせ,豊富,こと,驚き,単品,メニュー,ほか,８,９,０,円～,１,６,３,０,円,４,セット,ご飯,４,種類,メイン,１,０,種類,小皿,５,種類,デザート,９,種類,ドリンク,７,種類,選べ,小皿,２,種類,選べる,Ｂコース,１,０,２,０,円,し,ご飯,炒飯,メイン,麻婆豆腐,茄子,小皿,蟹,クリーム,春巻き,キーマカレー,もち,揚げ,デザート,濃厚,マンゴープリン,ヨーグルトムースドリンク,ジャスミン茶,プレート,上記,すべて,並ん,登場,スープ,煮,野菜,小鉢,つい,い,麻婆豆腐,茄子,豆腐,茄子,山椒,効い,い,本格的,蟹,クリーム,春巻き,クリーム,し,皮,価格,見事,かなり,満腹,なり,男性,一,人,客,多い,の,頷け
相方,夜,会議,こと,ムスコ,オトコ,２,人,ディナー,探訪,機会,ない,どこ,行こ,な～,考え,自分,店,考える,時間,大好き,フェイスブック,繋がる,知人,すぎ,ちゃん,今度,〇〇,機会,ある,ん,立川,おススメ,ある,聞か,れる,ん,10,選択肢,トス,し,笑,予算,シチュエーション,食べ,モノ,飲み,モノ,教え,くだされ,お答え,し,気軽,相談,ください,笑,結局,リニューアル,さ,れ,伺え,い,さん,邪魔,し,入口,右手,L,字,型,３,人,卓,席,ムスコ,食事,何,度,利用,さ,せ,いただい,い,落ち着き,鶏もも肉,半身揚げ,380円,ジューシー,焼き餃子,3,ケ,380円,石焼き,海鮮,おこげ,960円,生ビール,キリン一番搾り,480円,三岳,芋,ロック,580円,梅酒,鶯,杜,ロック,580円,ポンジュース,280円,計,３,，,６,４,０,円,美味しい,さん,お酒,飲む,人,イイ,感じ,アテ,揃っ,い,楽しめ,お酒,ラインナップ,増え,嬉,食事,目的,方,楽しめる,万,人ウケ,する,守備範囲,広,さ,人,勧め,やすい,理由,居心地,感,ムスコト,食事,飲み会,楽しま,せ,いただき,再訪,2016,3,日,会長,久しぶり,一緒,さ,せ,いただき,店,さん,こと,月曜日,オープン,時間,合わせ,邪魔,し,料理,おまかせ,⭐,オヤジ,2人,腹いっぱい,途中,STOP,さ,せ,いただき,さん,久しぶり,堪能,し,料理,こと,さん,できる,居心地,感,会長,昔話,飲食店,さん,奥深,さ,お互い,それぞれ,思う,ところ,ある,奥様,想い,笑,深いぃ,話,満喫,さ,せ,いただき,ビックリ,し,の,奥様,実年齢,そこ,若かっ,見抜け,会長,流石,邪魔,さ,せ,ください,再訪,2015,12,自分,特別,存在,絶大,信頼,寄せ,いる,さん,日,息子,誕生日,ホーム,パーティ,ルミネ,予約,し,いる,バースディ,ケーキ,受け取り,惣菜,関係,買っ,き,ミッション,課せ,られ,メイン,相方,頑張っ,作っ,くれ,いる,惣菜,話,デパ地下,惣菜,ルミネ,総菜,売り場,経験,し,学ん,こと,高い,一点,美味しい,ん,納得,いく,量,揃えよ,する,ビックリ,する,値段,なり,100g,値段,表示,普通,食べ,300g,なる,かさばっ,しまう,罠,今回,思い立っ,さん,前菜,中心,2,000,円,おまかせ,テイクアウト,お願い,し,事前,ランチ,閉店時間,合わせ,取り,行く,形,予約,待つ,こと,なく,受け取る,こと,でき,料理,抜群,さん,クオリティ,ホーム,パーティ,華やか,再訪,2015,10,オフ会,企画,調整,し,い,さん,挙がり,打ち合わせ,兼ね,邪魔,し,店内,満席,お世話,なっ,いる,方,遭遇,ビックリ,立川,人,集い,処,なっ,日,さん,堪能,メニュー,振り返っ,最初,邪魔,し,時,値上げ,ナシ,料理,抜群,安定感,何回,邪魔,し,心,響く,店,凄い,思い,料理,美味しい,居心地,イイ,呑み,二,ケーション,盛り上がっ,呑み,すぎ,邪魔,さ,せ,ください,再訪,2015,6,息子,ラーメン,食べ,応え,邪魔,し,今回,麻婆豆腐,茄子,飯,680円,チャレンジ,し,辛,さ,痺れ,本格,仕様,美味しかっ,磁気カード,新メンバー,ズカード,ＧＥＴ,嬉,末永く,お世話,なり,店,再訪,2015,4,今回,久しぶり,オフ会,宴会,利用,邪魔,し,マイレビュアー,さん,こちら,訪問,さ,れ,夜,イイ,ん,流れ,久しぶり,オフ会,りま,くだり,展開,深く,考え,レビュー,興味,持た,れ,い,そう,方,意,声,かける,快く,参加,いただい,の,聞い,遠く,き,いただい,方,いらっしゃっ,ビックリ,恐縮,しながら,食べ,ロガー,方々,行動力,感服,致し,今回,さん,キャパ,テーブル席,ＭＡ,タイプ,５,人,テーブル,３,人,テーブル,お世話になりました,完全,離れ,それぞれ,楽しみ,最後,カウンター,お客さん,いらっしゃら,こと,あり,５,人,テーブル,８,人,囲み,語らう,こと,でき,さん,騒がせ,し,今回,さん,凄かっ,事前,予約,調整,時,乾杯,合わせ,２,品,おまかせ,お願い,し,それ,写真,通り,ハイクオリティ,季節,野菜,モノ,燻製,焼き物,飾り,包丁,素晴らしい,演出,交え,２,皿,興奮,燻製,３,品,確か,す,ずり,心臓,レバー,奥さま,言っ,い,これ,絶品,レバー,冷め,香り,豊か,食感,じゃなくて,まろやか,ん,美味しかっ,４月,おすすめ,豚足,新じゃが,ピリ辛,煮込み,980円,いただき,豚足,学生時代,１,度,食べ,いい,イメージ,持て,１,５,年,ぶり,再会,珍しい,アレンジ,こと,濃厚,ピリ辛,煮込み,クセ,なく,美味しく,豚足,いただく,こと,でき,紹興酒,楽しん,独り,3,400円,計算,間違っ,の,見直し,ちゃい,サービス,色,入れ,いただい,ん,思い,中華,枠,捉,われ,美味しい,魅せる,料理,数々,感動,し,駅,離れ,隠れ家,的,立地,さん,魅力,ん,思い,イイ,店,実感,し,美味しかっ,再訪,2015,4,sate,自分,珍しく,再訪,繰り返し,レビュー,収集,つか,なっ,き,い,日,朝,べろ,会,皆さん,花見,こと,土曜,日中,息子,面倒,見,なら,参加,でき,思っ,の,息子,遊び,連れ,行く,てら,差し入れ,できる,思い立ち,さん,任せ,花見,差し入れ,お願い,し,それ,受け取り,てら,ランチ,いただき,ランチ,Ｂコース,980円,特製,うるおい,チャーハン,豚,角煮,燻製,玉子,完熟トマト,エビチリ,水餃子,濃厚,マンゴ,プリン,ヨーグルト,ムース,マリアージュ,美味しい,さん,うるおい,チャーハン,豚,角煮,燻製,玉子,水餃子,抜群,安定感,いただい,エビチリ,旨味,トマト,甘み,先行,辛く,息子,シェア,しよう,思っ,ジワジワ,後,追い,辛味,バランス,これ,絶妙,エビチリ,深いぃ,味わい,息子,シェア,980円,親子,2人,満足,さ,せ,いただく,ボリューム,含め,ＣＰ,凄い,再訪,2015,3,自分たち,福祉,職,年度,またぎ,事業報告,事業計画,新体制,バタ,つき,変化,大きい,タイミング,業務,量,ストレス,負荷,MAX,とりあえず,年度末,一段落,つき,今年度,あり,過ぎ,自分,労お,年度末,独り,呑み,何処,行こ,悩み,悩み,自分,素直,イチバン,お気に入り,店,伺う,こと,し,独り,酒,久しぶり,邪魔,し,先客,立川,パスポート,お客さん,自分,購入,し,一読,し,いえ,１,軒,使っ,い,あぶり,叉焼,380円,七色,豚,熟成,焼売,３,ケ,380円,七色,豚,チーズ,ミルフィーユ,酢豚,680円,カシュナッツ,甘露煮,揚げ,480円,にんにく,使わ,こだわり,鶏,唐揚げ,十,数種類,スパイス,480円,石焼き,海鮮,おこげ,880円,途中,フェイスブック,立川,コミュニティ,友人,偶然,合流,し,会計,合算,生ビール,一番搾り,中,ジョッキ,420円,紹興酒,古越,龍,山善,醸仕,込み,1,合,880円,上記,パターン,２,セット,メニュー,制覇,狙っ,い,日,いただい,メニュー,美味しい,あぶり,叉焼,焼売,甘露煮,揚げ,唐揚げ,どれ,抜群,お酒,イイアテ,なる,ＣＰ,抜群,自分,さん,夜,評価,完璧,し,いる,の,酒呑み,仕様,パーペキ,の,嬉しい,七色,豚,チーズ,ミルフィーユ,酢豚,ん,思い,店,フェイスブック,ページ,仕込み,様子,挙がっ,い,気,なっ,注文,し,一般,的,酢豚,イメージ,大きく,覆す,美味し,さ,さん,日,客,さん,テーブル席,続い,賑わっ,い,立地,お客さん,つい,いる,の,嬉しい,イイ,店,日,さん,お話,聞い,自分,レビュー,慕っ,くださっ,いる,方,いる,聞い,嬉しかっ,的,主観,発信,場,参考,し,くださっ,いる,方,いる,聞く,口コミ,サイト,社会的影響,力,大き,さ,実感,し,ポジティブレビュー,WIN×WIN,関係,良い,ネガティブレビュー,慎重,なら,最近,考え,させ,られ,拙い,レビュー,参考,し,いただい,いる,方,いらっしゃる,の,嬉しい,限り,場,借り,お礼,申し上げ,日,フェイスブック,立川,コミュニティ,友人,偶然,合流,し,楽しい,年度末,会,なり,さんご,夫婦,ホスピタリティ,溢れる,オモテナシ,抜群,居心地,感,良さ,感じ,邪魔,さ,せ,ください,再訪,2015,2,大好き,さん,フェイスブック,ページ,目,つい,白湯,しょうゆ,角煮,くんせい,玉子,ラーメン,960円,外,看板,さん,前面,安く,ラーメン,掲げる,絶対,工夫,さ,れ,ラーメン,美味しい,筈,っ,直感的,感じ,高い,期待感,ランチ,邪魔,し,白湯,しょうゆ,角煮,くんせい,玉子,ラーメン,960円,毎回,毎回,メニュー,いただい,想像,上,いく,美味し,さ,工夫,魅せ,方,美味しい,料理,数々,愉し,ませ,ください,ラーメン,今,食べ,こと,ない,美味しい,ラーメン,具,沢山,角煮,くんせい,玉子,スープ,それぞれ,適度,出しゃばっ,美味し,さ,魅せ,い,適度,バランス,崩れ,い,ラーメン,専門店,勝負,でき,そう,美味しい,ラーメン,こちら,主人,料理,スキル,凄い,思い,先日,Restaurant,27,さん,お世話,なっ,時,コース,楽しめる,店,探し,の,時,思っ,の,さん,主人,ご馳走,的,感じ,コース料理,食べ,み,思い,奥さま,ホスピタリティ,溢れる,接客,落ち着い,雰囲気,寛げる,テーブル席,店,感じ,し,コース,食事,自分,マッチ,する,よう,感じ,さん,絶大,信頼,寄せる,リピート,する,お客さん,いる,よう,完全,予約,制,数,日,前,みたい,感じ,用意,し,み,利用,する,お客さん,いる,ん,大切,日,記念日,さん,の,イイ,感じ,美味しい,料理,いただき,邪魔,し,再訪,2015,1,夜,昼,連日,邪魔,し,ちゃい,相方,お世話,なっ,いる,方,２,度目,語り,呑み,こちら,店,リクエスト,し,いただき,是非,即決,カウンター,予約,し,訪問,アドリブ,料理,あっ,嬉しい,お話,し,い,オススメメニュー,用意,し,くださっ,嬉しい,配慮,さん,料理,どれ,美味しい,他,食べ,られ,工夫,さ,れ,目,香り,楽しめる,逸品,数々,仕事,話,する,ため,席,の,深く,語り合う,こと,でき,興奮,冷め,やら,流れ,お礼,言い,翌日,息子,ランチ,邪魔,し,ランチ,訪問,ランチ,システム,スゴ,い,普通,食べ,い人,食べ,い人,女性,嬉しい,デザート,これだけ,料理,出せる,の,幅広い,選択肢,店主,さん,休まれ,いる,の,心配,し,ちゃい,汗,選べる,ランチ,Ｂコース,980円,うるおい,チャーハン,七色,豚,チーズ,ミルフィーユ,酢豚,鶏肉,カシュナッツ,香り,唐辛子,炒め,キーマカレー,もち粉,揚げ,杏仁豆腐,あんず,香り,野菜ジュース,薬膳,野菜スープ,本日,野菜,看板,さ,れ,いる,チャーハン,食べ,感,あり,食感,風味,し,印象,感じ,られる,味わい深い,炒飯,沢山,こだわり,具材,さん,想い,凝縮,さ,れ,美味しい,炒飯,キーマカレー,もち粉,揚げ,これ,コク,ある,キーマカレー,ん,もち粉,揚げ,ふっくら,感,ある,ん,さん,一品,一,品,精度,高い,美味し,さ,守備範囲,広,さ,来る,度,感動,し,ちゃい,凄い,通える,良,店,ランチ,ハイクオリティ・ハイコストパフォーマンス,美味しかっ,再訪,2014,12,仕事,語り,呑み,邪魔,し,立川,席,確認,電話,タクシー,訪問,軽く,呑み,行く,の,行き,距離,普通,感覚,人,付き,合わす,の,申し訳なく,呑ん,帰り,話し,苦,１,メーター,こちら,店,魅力,代,加算,考え,安い,もの,考え,店,自体,支払い,ＣＰ,安い,男,２,人,語り合い,店,話せる,店,無い,思っ,選択,それ,大正解,入っ,右手,席,字,用意,し,いただい,の,話し合う,こと,でき,客層,お客さん,いらっしゃっ,い,どの方,たち,店,料理,楽しま,れ,いる,感じ,日,大橋トリオ,さん,音楽,店,雰囲気,絶妙,マッチ,し,い,語らう,こと,集中,できる,雰囲気,夫婦,２,人,動き,押しつけがましく,そこ,配慮,さ,れ,い,店,魅力,体感,し,個人的,こちら,店,不満,点,ゼロ,満足,点,満点,自身,４,店舗,目,満点,し,行き,機会,あれ,何度,行き,思う,店,日,料理,美味しかっ,黒酢,酢豚,とっ,濃厚,お肉,柔らかく,美味しい,美味しい,酢豚,他,食べ,こと,あり,呑む,２,人,呑み,食い,し,7,300円,強,ＣＰ,抜群,再訪,2014,11,Facebook,コミュニティ,立川,人,ココ,いい,オフ会,邪魔,し,し,店,迷惑,おかけ,する,こと,承知,主人,任せ,料理,お願い,し,なる,ん,想い,オフ会,企画,さ,せ,もらい,流動,要素,多い,オフ会,直前,人数,増え,減っ,丁寧,応対,し,ください,最終的,総勢,7,名,宴,4,名,テーブル,3,名,テーブル,配置,し,ください,今回,オフ会,お伝え,し,い,の,オリジナル,メニュー,用意,し,くださっ,い,4人,用,3人,用,値段,変え,細やか,配慮,嬉しい,テーブルオリジナルメニュー,全部,頼ん,単品,注文,飲兵衛,組,途中,紹興酒,ボトル,楽しみ,善,醸仕,込み,2本,空け,銘柄,美味しい,3人,席,前菜,盛り合わせ,1,200円,鶏,チャーシュー,鶏レバー,ゆず,クラゲ,トマト,ミカン,風味,蕪,甘酢,サラダ,春菊,巻き,鮭,白子,ゆず,ソース,鹿児島,産,活,め,ブリ,香り,唐辛子,炒め,1,290円,エビマヨ,舞茸,480円,釜揚げ,桜海老,オムレツ,780円,北海道産,スケソウダラ,白子,麻,婆,1,260円,アオリイカ,カシュナッツ,香り,唐辛子,炒め,820円,通常,メニュー,数,品,ドリンク,様々,実質,割り勘,額,１,人,3,300円,い,ゃあ,幸せ,目,香り,楽しめる,美味しい,本格,中華,前菜,盛り合わせ,手,込ん,料理,数々,どれ,フツー,提供,さ,れ,値段,いただける,料理,あり,活,め,ブリ,香り,唐辛子,炒め,ブリ,燻製,さ,れ,い,オムレツ,燻製,したゆで,卵,入っ,い,ほ,ぇ,みんな,美味し,過ぎ,唸っ,い,心持,提供,し,いただく,美味しい,料理,数々,みんな,自然,笑み,こぼれ,トーク,華,咲き,癒,食,源,こちら,店,コンセプト,浸り,きっ,有意義,時間,主人,神戸,ホテル,経験,さ,れ,横浜中華街,勤め,いらっしゃっ,時期,ある,こと,経歴,大きい,小さい,なく,努力,熱意,センス,人,ん,実感,し,最近,何,度,邪魔,し,幅広い,層,お客さん,つい,いる,思い,奥様,笑顔,いっぱい,ホスピタリティ,溢れる,応対,光っ,い,最後,心,込め,見送っ,くださる,サービス,多く,人,来よ,思い,イイ,店,思い,これだけ,食べ,呑ん,クオリティ,１,人,3,300円,あり,え,邪魔,さ,せ,ください,再訪,2014,10,完全,お気に入り,モード,入り,良い,店,思い,先日,快気,祝い,通っ,い,病院,近かっ,最後,通院,時,思い付き,お酒,アテ,おまかせ,テイクアウト,し,これ,秀逸,充実,し,宅,呑み,愉し,ん,い,今回,年少,さん,幼稚園,運動会,愉し,ませ,もらっ,息子,労う,お祝い,口実,家族,こちら,邪魔,し,子連れ,お客さん,見,い,３,歳,息子,大丈夫,邪魔,し,利用,し,み,こちら,椅子,し,い,安定感,ある,息子,楽しめ,よう,大人,ゆとり,ある,幅,遊び,モード,入る,動き,多く,なり,それ,含め,子ども,良い,よう,ジューシー,七,色,豚,焼き餃子,4,ケ,380円,蒸し鶏,三姉妹,380円,海老,マヨネーズ,あぶり,バジル,ナッツ,香り,740円,ニラ,豆もやし,にんにく,強火,炒め,460円,海老,青菜,上海,焼きそば,820円,台湾,黒,タピオカ,入り,ココナッツミルク,280円,生ビール,一番搾り,中,ジョッキ,420円,２,紹興酒,古越,龍,山善,醸仕,込み,1,合,880円,4,780円,安,すぎる,今回,いただい,蒸し鶏,三姉妹,とっ,お酒,良い,アテ,なり,お酒,呑む,店,来,頼み,クオリティ,ニラ,豆もやし,にんにく,強火,炒め,した味,付け,感,たまら,酒,進み,ボリューム,あっ,ＣＰ,感,満点,今回,絶賛,海老,青菜,上海,焼きそば,旨かっ,ぁ,上手く,表現,でき,オイリー,感じ,旨味,際立っ,い,具材,麺,バランス,感,最高,若い,主人,腕,良さ,リアル,料理,感じ,られ,他,お客さん,い,いえ,料理,テンポ,イイ,ん,厨房,合間,無く,良い,音,聞こえ,くる,ん,コンスタント,料理,提供,さ,れ,準備,さ,れ,いる,ん,思い,素晴らしい,店,家,近く,ある,感謝,感謝,相方,気に入っ,よう,邪魔,さ,せ,ください,再訪,2014,9.,たち,呑み,９月,企画,邪魔,し,今回,街かど,ラーメン屋,さん,行こ,話,なり,１,次,会,こちら,店,提案,さ,せ,いただき,前回,呑み,印象,良かっ,楽しみ,集っ,の,辛口,レビュアー,2人,自分,し,い,クラゲ,胡麻,粒マスタード,280円,食感,クラゲ,胡麻,粒マスタード,タレ,まい,う～,ジューシー,七,色,豚,焼き餃子,4,ケ,380円,２,口,食べよ,する,肉汁,大量,飛び出る,ジューシー,大きい,１,口,食べ,推奨,感,好み,鶏もも肉,１,枚,揚げ,香味野菜,ソース,560円,一,皿,演出,素晴らしい,飾り,人参,凄い,鶏もも肉,ジューシー,旨い,豆苗,強火,にんにく,炒め,680円,し,い,にんにく,塩梅,絶妙,ソフトシェルクラブ,香草,パン粉,炒め,800円,これ,工夫,さ,れ,一品,細部,パリ,パリ,感,追及,軽い,タッチ,パリ,パリ,感,お酒,アテ,イイ,感じ,こだわり,麻婆豆腐,茄子,660円,こだわり,汁なし担々麺,780円,名,通り,主人,腕前,リアル,感じる,逸品,専門,的,解釈,方,任せ,本格的,自分,みたい,素人,旨い,感じ,辛さ,あり,旨味,強い,美味しい,想い,圧勝,食べ,思う,中毒,性,感じ,生ビール,数,杯,紹興酒,古越,龍,山善,醸仕,込み,ボトル,冷,2,080,円,9,000,円,詳細,失念,最近,中華,奥深,さ,感じ,若い,センス,輝く,店,身近,なかっ,し,探す,もん,行き,店,胸,張っ,薦め,られる,店,ぉお,心,惹か,れる,まま,ブラリ,立ち寄っ,店,大当たり,気分,高揚,し,まま,ノリ,レビュー,日,チャリ,西国立,探訪,の,み,さん,邪魔,し,後日,ＵＰ,し,腹いっぱい,なれ,呑み,足り,気分,サコ,ローズ,日曜日,やっ,て,こと,思い,帰り道,いえ,ここ,新しい,店,なっ,ん,チャリ,止め,見,みる,イイ,感じ,夫婦,２,人,中華,食堂,し,おり,気軽,立ち寄り,ください,フレンドリー,語りかけ,られ,ちゃっ,寄り,なっ,ちゃう,中華,餃子,セット,食べ,き,いっか,ノリ,邪魔,し,以前,向こう,方,店,中華,こちら,入店,し,清潔感,前面,出さ,れ,女性,ウケ,し,そう,洗練,さ,れ,センス,感じとれ,入口,左右,テーブル席,正面,カウンター,好き,席,迷い,独り,離れ,テーブル席,難,1人,先客,いらっしゃい,カウンター,邪魔,し,煮,玉子,スモーク,１,ケ,120円,絶妙,煮,玉子,エビマヨ,380円,美味しい,エビマヨ,小皿,価格,嬉しい,ジューシー,七,色,豚,焼き餃子,４,ケ,380円,個人的,し,いる,餃子,好き,ジューシー,感,あっ,美味しい,餃子,紹興酒,古越,龍山,グラス,善,醸仕,込み,480円,金龍,5年,450円,銀,龍,3年,380円,ウーロンハイ,380円,4杯,ワイン,赤,420円,４,，,１,３,０,円,たまの,呑み,すぎ,こちら,コンセプト,夫婦,人徳,の,評判,受け,自分,来,方,意気投合,夫婦,美味しい,お酒,愉し,ませ,いただき,紹興酒,グレード,３,段階,あっ,上,愉し,み,１,番,上,善,醸仕,込み,群,抜い,旨い,比べ,飲む,し,面白い,料理,ニュアンス,ドラゴン,キッチン,さん,的,若い,センス,イイ,日本人,シェフ,正統派,中華,それ,奥さま,センス,内装,雰囲気,メニュー,少量,単価,押さえ,ＣＰ,魅せる,テイ,自分,みたい,独り,呑み,ありがたい,２,人,４,人,みたい,グループ,宴,料理,楽しめ,イイ,思い,主人,狙い,着眼点,大事,さ,れ,い,した,落ち着く,椅子,これ,安定感,抜群,寛げ,子連れ,低い,高さ,安定感,ある,安心,し,利用,できる,思い,前述,一緒,さ,せ,いただい,方,トーク,噛み合っ,しまい,サク,呑み,つもり,楽しん,しまい,夫婦,人柄,ある,の,うちら,ネタ,満載,トーク,笑っ,くださる,こっち,盛り上がっ,しまい,久しぶり,多面,的,絶賛,店,通い,店,近く,見つかっ,嬉しい,独り,呑み,イイ,女子会,的,利用,くる,思い,女性,ウケ,する,店,スマート,感じ,中華,年配,方,おすすめ,できる,思い,立川,相互,立川病院,近く,病院,ついで,利用,良,さ,そう,今回,ガツ,飯,直後,触手,伸び,他,料理,いただき,ここ,美味しい,筈,空気感,あり,ランチメニュー,見,させ,いただき,リーズナブル,ここ,手厳しい,相方,誘っ,来れ,そう,美味しい,お酒,厳しい,立地,行く,価値,ある,店,思い,４,．,０
出かける,予定,ない,10連休,GW,友達,立川,ランチ,する,事,なり,お互い,リサーチ,し,協議,し,結果,こちら,中華,ランチ,なり,どの方,レビュー,見,立川,距離,ある,事,南武線,西国立駅,待ち合わせ,行き,駅,5分,町,中華屋,さん,感じ,友達,予約,し,くれ,い,名前,告げる,案内,さ,れ,早め,ランチ,11時,過ぎ,到着,し,先客,数,名,ランチ,単品,コース,いくつか,あり,コース,主菜,副菜,数,増え,行き,メニュー,見,悩み,食べ,物,あり,過ぎ,笑,悩ん,結果,C,コース,1,500円,し,選ん,の,コチラ,ご飯,うるおい,炒飯,メイン,2種類,豚肉,根菜,黒酢,酢豚,ソフトシェルクラブ,香草,パン粉,炒め,小皿,カニ,クリーム,春巻き,デザート,マンゴープリン,ヨーグルト,ムース,ドリンク,アイスジャスミンティー,ソフトシェルクラブ,香草,パン粉,炒め,C,コース,選択,可能,これ,食べ,み,C,コース,し,C,コース,ランチ,うるおい,炒飯,麦,入っ,雑穀米,パラパラ,し,い,油,っぽく,美味しい,スープ,薬膳スープ,味,やさし,い味,体,良さ,そう,ソフトシェルクラブ,パン粉,炒め,あり,程良い,香ばし,さ,カニ,風味,損なわ,美味しい,黒酢,酢豚,豚肉,入っ,い,黒酢,大好き,ん,その他,牛蒡,野菜,入っ,い,春巻き,外,中,クリーミー,友達,頼ん,い,こだわり,麻婆豆腐,茄子,頂き,辛さ,控えめ,山椒,方,効い,い,辛い,の,苦手,人,大丈夫,マンゴープリン,ヨーグルト,ムース,一,口,サイズ,良い,口直し,なり,ここ,中華,油,ギトギト,濃い,味,胃もたれ,する,感じ,あり,最後,美味しく,頂け,腹いっぱい,炒飯,その他,おかず,底,深い,器,盛ら,れ,いる,見,量,あり,炒飯,半分,量,充分,友達,言っ,おり,腹いっぱい,すぎ,運動,てら,立川,歩い,思っ,い,程遠く,極端,暑かっ,寒かっ,し,立川駅,歩く,十,分,思い,そうそう,予習,し,い,確か,料理,提供,時間,掛かり,急ぎ,ランチ,不向き,店,店名,ある,よう,し,気分,頂く,の,良,さ,そう
ここ,東京都立川市,西国立駅,徒歩,4分,立川駅,徒歩,14分,ところ,ある,カラダ,優しい,本格,中華料理,楽しめる,店,中華,食堂,癒,食,源,午前中,用事,済ませ,あと,遅,め,ランチ,伺い,し,店,着い,とき,外,待ち,無し,これ,珍しい,こと,タイミング,よく,先客,出,ところ,テーブル,片づける,の,待つ,こと,１,５,分,その後,一瞬,し,行列,でき,しまい,すごい,人気,薬膳,滋養,スープ,本日,小皿,本日,デザート,付い,ランチ,セット,ご飯,類,メイン,料理,小皿,デザート,ドリンク,付い,Aコース,D,コース,4種類,選べる,ランチメニュー,あり,選べる,ランチメニュー,ご飯,類,メイン,料理,小皿,デザート,ドリンク,ひとつひとつ,カスタマイズ,できる,何回,来,飽き,こと,C,コース,１,，,５,０,０,円,ご飯,類,特製,チャーハン,メイン,料理,こだわり,麻婆豆腐,茄子,ソフトシェルクラブ,香草,パン粉,炒め,２,種類,小皿,カニ,クリーム,春巻き,デザート,アールグレイ,プリン,ドリンク,アップルマンゴー,ジュース,本日,温野菜,薬膳,滋養,スープ,付き,麻婆豆腐,茄子,器,いっぱい,盛り付け,られ,い,ボリューム,満点,いろいろ,スパイス,使っ,い,香り,良く,山椒,殻,食感,楽しい,豆腐,茄子,たくさん,入っ,い,ヘルシー,カラダ,優しく,辛味,辛く,どちら,言う,優しい,美味し,さ,特製,チャーハン,ボリューム,たっぷり,特製,チャーハン,米粒,ひとつひとつ,味,絡ん,い,噛みしめる,ごと,味,深み,感じ,られ,麻婆豆腐,茄子,一緒に,チャーハン,食べる,お口,中,いろいろ,複雑,味,一体,なっ,パラダイス,ソフトシェルクラブ,香草,パン粉,炒め,サク,し,香草,パン粉,食,感,ソフトシェルクラブ,脱皮,したて,甲羅,柔らかい,蟹,香ばしく,独特,歯ごたえ,癖,なる,野菜,たくさん,入っ,い,身体,優しい,味わい,本日,温野菜,大根,ニンジン,いろいろ,根菜,使っ,温野菜,箸休め,最適,薬膳,滋養,スープ,薬膳,癖,なく,どこか,する,味わい,カニ,クリーム,春巻き,揚げたて,熱々,皮,食感,中,とろけ,出る,濃厚,旨味,たっぷり,カニ,クリーム,たまらなく,美味い,上顎,火傷,し,よう,気,つけ,食べ,アールグレイ,プリン,これ,中華,デザート,声,出,しまう,アールグレイ,香り,効い,い,滑らか,食,感,優しく,上品,美味し,さ,楽しめ,是非,おすすめ,アップルマンゴー,ジュース,最後,表面張力,ギリギリ,入っ,アップルマンゴー,ジュース,口,中,リセット,驚く,リーズナブル,過ぎる,ランチメニュー,数々,身体,優しい,昼夜,問わ,連日,たくさん,お客さん,の,理解,でき,若い,夫婦,２,人,営ん,い,気取ら,アットホーム,雰囲気,素敵,癒さ,れる,よう,ホスピタリティ,満足,店,近く,あれ,な～,美味い,もん,グルメ,日記,http://,takoyakikun,1,blog,123,fc2,.com
立川駅,徒歩,十分,強,場所,ある,中華料理,屋,最寄り駅,西国立駅,なる,よう,結構,人気,店,よう,食べログ,評価,3,63,2017,05,31,評価,店,客,入り,悪く,あり,昨年10月,今年,2月,訪問,二,回,訪問,いただい,もの,列挙,する,下記,通り,水餃子,4,個,280円,唐揚げ,3,個,380円,トマト,玉子,炒め,物,720円,ホタテ,ズワイ,蟹,中華風,オムレツ,820円,麻婆豆腐,茄子,680円,汁なし担々麺,780円,上海,焼きそば,価格,失念,水餃子,皮,厚め,し,食感,餡,ジューシー,あり,タレ,スープ,補完,する,感じ,唐揚げ,大きめ,もの,三つ,10種類,スパイス,味付け,さ,れ,いる,そう,スパイシー,それ,以上,油,臭い,気,なっ,しまい,トマト,玉子,炒め,割り,目,味付け,曖昧,記憶,潮州,濃い,目,玉子,し,いる,方,好み,麻婆豆腐,茄子,豆腐,素揚げ,し,茄子,入っ,もの,粘,度,高め,タイプ,麻,味,辣味,とも,不足,気味,めだか,タンタン,麻婆丼,マトモ,ポーション,十分,CP,良い,思い,若い,夫婦,営ん,いる,よう,ホール,奥様,担当,さ,れ,い,丁寧,好感,もてる,接客,店内,キレイ,言え,食事,摂る,上,問題,ない,思い
2016,12,訪問,忘年会,シリーズ,４,弾,立川,大人気,中華,会,招き,いただき,定刻,前,到着,し,メンバー,一杯,目,グラス,空,動き,早,すぎ,勢い,つい,会,料理名,曖昧,向け,備忘録,覚え,いる,範囲,鶏,唐揚げ,メニュー,上,にんにく,使わ,こだわり,鶏,唐揚げ,十,数種類,スパイス,長い,ネーミング,シンプル,鶏,唐揚げ,オーダー,し,馴染み,ある,アメリケーン,味付け,一線,画す,オリエンタルスパイシー,味付け,驚く,の,何,説明,なく,店,スタンダード,添え,られる,付け合せ,玉ねぎ,甘味,引き出す,絶妙,火,通し,これだけ,御主人,技術,高さ,伝わっ,き,ソフトシェルシュリンプ,マヨネーズ,ソース,ソフトシェルシュリンプ,惜しみ,大量,細心,注意,払っ,火,通し,コク,ある,ソース,仕上げ,いる,素晴らしい,料理,銀座,同等,料理,望ん,確実,倍,以上,値段,つい,いる,思い,料理,技術,店,気持ち,ＭＡ,込め,られ,おり,当夜,感動,し,一,皿,し,あぶり,叉焼,シンプル,ベース,肉,味,良さ,加え,独特,アクセント,五香粉,系,効い,唸る,一,皿,箸休め,オススメ,豚肉,根菜,黒酢,酢豚,花巻,ミルク,パン,驚く,の,具,火,通し,肉,絶妙,食,感,残し,ジューシー,さ,十分,仕上がり,野菜,歯ごたえ,残し,甘味,引き出す,炒め,いずれ,火,通し,技術,もっ,い,実現,し,美味,さ,黒酢,餡,刺激,感,ゼロ,旨味,強く,押し出す,完璧,バランス,いう,黒酢,餡,ベース,スープ,旨味,感じる,作り,込み,感動,もの,中盤,絶対,組み込む,一,皿,記憶,し,残っ,黒酢,餡,ミルク,パン,一緒,食べ,きり,ジューシー,七,色,豚,焼き餃子,羽つき,コク,有る,肉汁,美味い,焼き餃子,中華風,オムレツ,具,忘れ,しまい,具,入っ,原価,率,一,皿,感じ,店,感謝,一,皿,２,皿,麺,飯,薬膳,滋養,スープ,海鮮,青菜,上海,やきそば,オイスターソース,濃厚,仕上げ,一,皿,叉焼,チャーハン,気持ち,しっとり,系,仕上がり,香り,立ち,方,弱め,丁寧,作っ,くれ,もの,別注,し,薬膳スープ,落ち着い,美味,さ,デザート,２,皿,デザート,女子,任せ,紹興酒,ムース,杏仁豆腐,あんず,香り,頼ん,み,いずれ,ベース,濃厚,これ,手,込ん,いう,店,気持ち,込,もっ,凄い,一品,料理,思い,感じ,４,人,会,一言,言う,凄い,店,言葉,見つかり,ベース,スープ,美味,さ,素材,火,通し,仕上げ,バランス,取り,いずれ,唸っ,しまい,夫婦,２,人,いう,調理,御主人,１,人,体制,出,来る,料理,対応,できる,上限,ある,思っ,い,店,上限,青天井,思え,マダム,言葉,風呂,一時,帰宅,し,後,主人,店,仕込み,象徴,し,いる,よう,見え,ところ,手間,あっ,味,あり,意味,食べる,側,感謝,言葉,みつかり,二人,末永く,無理,ない,範囲,続け,いただけれ,願っ,い,エリア,いう,私,フィールド,小金井,似,タイプ,店,二,代目,２,度,緊急入院,経,４,０,年,歴史,終え,れすとらん,岬,初代,夫婦,二,代目,素晴らしい,職人,気持ち,限界点,来る,現実,知っ,いる,つもり,今回,店,出会え,こと,幸運,言い,よう,あり,意味,今回,宴,メンバー,感謝,し,次,備忘録,メモ,し,ー,メニュー,他,美味し,そう,料理,並び,すぎ,１,年,計画,通い,詰め
ランチ,Aコース,¥820,税込,ご飯,類,うるおい,チャーハン,選択,メイン,料理,こだわり,麻婆豆腐,茄子,選択,小皿,水餃子,選択,本日,野菜,薬膳,滋養,スープ,付き,デザート,杏仁豆腐,あんず,香り,選択,ドリンク,ジャスミン茶,選択,JR中央線,立川駅,徒歩,15分,かかっ,しまう,駅,離れ,中華料理,屋,さん,極めて,良心,的,価格,美味しい,評判,店,駅,距離,ある,来れ,夫婦,２,人,切り盛り,し,い,調理,時間,かかり,待たさ,れる,話,聞い,い,時間,余裕,ある,とき,来れ,いう,の,来れ,理由,あり,今回,両方,理由,乗り越え,やって来,早く,来,ん,後悔,立川駅,周辺,五本の指,入る,オススメ,店,なり,店,外観,魅力,的,感じ,せ,食事,中華,の,店内,木目調,明るい,カフェ,アジアン,キッチン,みたい,感じ,BGM,アコギメイン,優しい,J,pop,アラサー,若,夫婦,協力,し,頑張っ,てる,感,ある,洒落,空気感,の,料理,品もの,他,ランチ,セット,いくつか,あっ,料理,主菜,副菜,小鉢,ご飯,デザート,全て,選択,式,ぁ,大変,種類,豊富,そりゃ,ぁ,時間,かかっ,しょうが,ない,思う,の,私,麻婆豆腐,食べ,それ,真っ先,決め,後,適当,はじめ,時間,かかり,言わ,れ,い,覚悟,し,い,問題,注文,30分,程度,待ち,想定,通り,お腹,ぺこぺこ,なっ,頂き,まーす,うるおい,チャーハン,お米,雑穀,混ぜ,られ,食感,楽しい,他,素材,丁寧,微塵,切り,さ,れ,い,中,一番,効果,的,思っ,の,ごぼう,し,歯応え,一風,変わっ,土,っぽい,香り,ワン,ランク,上,押し上げ,くれ,い,全体的,色,黒っぽく,見た目,塩辛,そう,こと,なく,秀逸,チャーハン,これだけ,充分,満足,出来,こだわり,麻婆豆腐,茄子,粗,挽き,山椒,殻,楽しい,歯,触り,香り,漂う,程度,痺れ,控えめ,ところ,良い,豆腐,たっぷり,片栗粉,入っ,とろみ,ある,麻,婆,辛さ,市販,カレー,例える,中,辛,程度,万人,丁度,良く,食欲,刺激,し,食べ,易い,茄子,入っ,満足度,高い,逸品,水餃子,今回,唯一,残念,感じ,カレー,風味,パウダ,かかっ,水餃子,皮,いう,茹で,過ぎ,ふやけ,しまっ,い,皮,厚い,弾力,保っ,い,表面,水分,吸い,過ぎ,傷ん,いる,言え,良い,の,瑞々しい,感じ,無くなっ,粉,感,逆,出,き,しまっ,いる,よう,中,お肉,温まっ,い,調理方法,見直し,し,ほう,良い,よう,気,し,本日,野菜,薬膳,滋養,スープ,スープ,普通,中華スープ,違い,し,いる,片栗粉,よう,とろみ,含ん,不思議,香り,辛く,体,温まる,感じ,し,麻婆豆腐,食べ,後,体,中,洗い流し,くれる,よう,野菜,四川風,塩気,辛味,味付け,さ,れ,い,漬物,違っ,箸休め,なり,杏仁豆腐,あんず,香り,三口,食べ,しまう,プチサイズ,水っぽい,もの,想像,し,い,予想,反し,コク,あり,する,アーモンドミルク,思う,杏仁,豆,豆,しい,濃い,香り,し,クセ,なり,あと,三口,食べ,なり,腹八分目,良い,我慢,し,味,素晴らしく,コスパ,以上,ない,課題,上げる,する,配膳,かかる,時間,注文,料理,来る,30分,近く,かかる,それ,噂,通り,あり,回転率,集客力,落とし,いる,の,サービス,向上,意味,取り組む,ところ,思い,このまま,充分,エース,級,好き,店
最初,信じ,られ,コスパ,料理,全部,美味しい,急ぎ,ランチ,要注意,夫婦,二人,営ま,れ,いる,店,関わら,ランチ,セット,品数,多,さ,主人,一人,調理,さ,れ,い,配膳,３,０,分,覚悟,し,いか,なり,こと,気,なら,美味しい,料理,コスパ,私,７,品,ランチ,セット,８,７,０,円,ドリンク,デザート,付い,値段,一瞬,目,疑い,供,さ,れる,時,トレー,チョイス,し,料理,７,品,同時,所謂,学食,スタイル,コレ,凄く,ありがたい,料理,料理,配膳,インターバル,長い,途中,おなか,一,杯,なっ,しまっ,食べる,順番,自分,調整,でき,し,一,度,配膳,し,いただける,美味しい,状態,それぞれ,料理,いただけ,デフォルト,スープ,軽ぅーく,薬膳,風味,感じ,させ,丁寧,取ら,れ,お出汁,感じる,醤油,ベース,中華スープ,ごま油,誤魔化し,い,体,芯,美味し,さ,感じ,られる,スープ,蓮の葉,はんうん,ちまき,違う,もち米,１,０,０,％,おこわ,蓮の葉,包ま,れ,蓮の葉,いい,香り,もち,もち,心地よい,歯ごたえ,鶏肉,細かく,刻ま,れ,野菜,美味しいぃ,メイン,麻婆豆腐,茄子,最初,麻,婆,豆腐,茄子,思っ,これ,喧嘩,せ,花山椒,効い,絶妙,味,辛味,控えめ,上質,花,山椒,使っ,いる,の,良く,解り,花山椒,粒,多き,過ぎ,喉,花山椒,外皮,張り付い,せき込み,塩加減,よく,美味しい,焼売,１,ケ,お肉,ジューシー,タレ,とろみ,ある,もの,美味しい,胸やけ,ゼロ,美味し,さ,野菜,中華風,煮もの,小皿,青梗菜,ニンジン,野菜,中華風,お出汁,丁寧,醤油,ベース,あんかけ,風,味付け,さ,れ,いる,箸休め,的,もの,和食,例える,漬物,的,存在,美味しい,化学調味料,一切,ない,の,解り,マンゴープリン,ムース,小皿,マンゴー,風味,美味しい,まろやか,プリン,クリーミー,ミルク,風味,ムース,いい,口直し,ウーロン茶,これだけ,セット,８,７,０,円,信じ,られ,駐車場,コインパーキング,代,考える,１,０,０,０,円,ランチ,得,美味しい,胸やけ,しない,中華,値段,あり,時間,余裕,ある時,伺い
店,存在,前,知っ,い,あっ,２,週間,前,訪問,でき,結論,いう,極めて,すばらしい,店,クチコミ,し,し,理由,人,教え,正直,言い,人,教え,たくない,店,あと,１,軒,あり,そこ,クチコミ,人生,最後,クチコミ,しよ,考え,い,話,それ,人,教え,いくつか,理由,あり,店,私,極めて,利便性,すぐれ,立地,条件,ため,味,すばらし,すぎる,点,料金,安,すぎる,点,簡単,言い,一流,日本料理,イタリア料理,フランス料理,５,０,０,円,１,０,０,０,円,味わえる,店,家,目,前,あっ,し,迷い,沈黙,し,バカ,こと,想像,し,の,店,有名,行列,店,なっ,毎日,行列,し,しよう,や,子供,みたい,こと,考え,了見,狭,すぎ,恥ずかしい,クチコミ,はじめ,訪問,回数,４,回,２,品,頼み,以下,書き,1,チャーハン,580円,ふつう,チャーハン,違い,肉,普通,チャーシュー,違い,食べ,いる,とき,自己,主張,する,感じ,チャーシュー,ありません,自分,仕事,し,くれる,チャーシュー,名前,焦がし,チャーハン,ネーミング,焦げ,い,味,濃い,わけ,あり,味,的,うまく,差別,化,し,い,一流,店,同等,それ,以上,味,おすすめ,一品,2,餃子,380円,普通,餃子,違い,ポイント,おいしい,肉汁,楽しめる,こと,肉汁,薬膳,風味,こと,3,あんかけ焼きそば,680円,最初,あんかけ,部分,うまく,うなり,焼きそば,部分,一流,店,よく,同等,レベル,4,鶏,から揚げ,480円,普通,から揚げ,ちがう,味,薬膳,風味,思っ,ください,美味,かわっ,揚げ,所望,おすすめ,し,5,あぶり,チャーシュー,380円,味,他,味わえ,味,普通,ラーメン店,チャーシュー,違い,おすすめ,し,6,薬味,粥,680円,極めて,すばらしい,一品,中華街,有名,店,同等,一,歩,上,味,まちがい,あり,試し,ください,7,麻婆豆腐,茄子,680円,美味しい,ここ,美味しい,店,他,あり,山椒,一流,店,違っ,味わい,思い,8,春巻き,150円,簡単,いう,中華街,一流,店,同等,それ,以上,味,おすすめ,食べる,とき,醤油,少量,し,ください,春巻き,２,本,ご飯,500円,つり,き,味,一流,店,軽く,１,０,０,０,円,超える,思い,おすすめ,一品,クチコミ,以上,できれ,行く,つもり,すばらしい,店,もの,人,教え,了見,狭い,こと,考え,しまい,反省,し,2016,10,初旬,５,回,目,６,回,目,７,回,目,８,回,目,９,回,目,酢豚,680円,黒酢,酢豚,根菜,類,入っ,い,黒酢,肉,うまく,その他,かすん,い,黒酢,秀逸,すぎ,ミルク,パン,90円,し,ほしい,パン屋,さん,泣い,中華料理店,パン屋,さん,顔負け,パン,だす,の,反則,正直,パン屋,さん,開店,し,やっ,けそう,気,し,たまご,燻製,120円,あり,そう,商品,味,的,燻製,味,し,アミューズ,もってこい,一品,さんま,燻製,680円,驚き,味,人,食べ,こと,い味,燻製,した,中国,山椒,ソース,驚き,味付け,美味しい,秋刀魚,おすすめ,し,キーマカレー,もち粉,揚げ,180円,結論,いい,カレーパン,食べ,あまり,感動,し,思っ,てる,あなた,食べ,こと,ない,カレーパン,ここ,あり,薬膳,滋養,スープ,１,０,０,円,体,丈夫,なっ,気分,中華風,オムレツ,680円,結論,いう,料理,それ,自体,滋養,ある,料理,コンセプト,コラボ,むずかしい,の,かなっ,勝手,思っ,オムレツ,健康,そっちのけ,フレンチ,達人,たち,作る,うまい,やつ,食い,の,偽ら,感想,カニ,クリーム,春巻,200円,知ら,うまい,正直,カニ,クリーム,春巻,し,めちゃくちゃ,うまい,もの,の,チーズ,ベーコン,春巻き,90円,チーズ,燻製,きいた,ベーコン,春巻き,し,てる,ものすごく,うまい,店,春巻き,すべて,うまい,しゅうまい,七色,豚,シュウマイ,普通,豚肉,ちがう,よう,気,し,秀逸,の,シュウマイ,魚醤,よう,調味,料,つけ,食べる,の,これ,いい,感じ,魚,醤,食べる,価値,あり,鶏肉,カシューナッツ,いため,四川風,よう,味付け,唐辛子,四川,山椒,正直,鶏肉,カシューナッツ,あっさり,系,味付け,好き,鶏もも肉,1枚,揚げ,香味野菜,ソース,５,６,０,円,店,得意,系列,料理,鶏肉,おいしい,ソース,仕上げ,い,水餃子,し,水餃子,独特,たれ,食べる,よう,形,なっ,お湯,湯,い,いる,よう,もの,あり,日本,すいとん,よう,味わい,小麦粉,団子,代わり,水餃子,入っ,いる,よう,形
JR,西国立駅,徒歩,5分,圏内,立川,方面,向かい,歩いた,線路,沿い,交通量,多い,通り,沿い,ある,中華料理,屋,さん,立川,未満,この辺,飲食店,出来,潰れる,鬼門,エリアキッチンキング,昔,この辺,知っ,いる,人間,する,流行っ,いる,店,ある,事,驚き,隠せ,十,数,年,前,ヤ,ザ,銃撃事件,ある,よう,立川,南口,発展,凄い,こちら,お客さん,入れ,人気,店,なる,奇跡,所業,ランチ,入れ,夜,再訪,流石,ランチ,よう,混雑,静か,頂け,すごく,可愛らしい,方,ホール,担当,調理,1人,2人,若い,ねお,店,外,すで,美味しい,香り,漏れ,おり,最低,美味しい,の,分かり,生ビール,頼ん,見,洗浄,さ,れ,サーバー,注が,れ,丁寧,一杯,ジョッキ,適温,美味しい,料理,麻婆豆腐,あんかけ焼きそば,餃子,注文,順々,提供,さ,れ,待ち,辛味,痺れ,余り,なく,子供,食べ,れ,しまう,の,思える,食材,味,残し,旨味,立た,せ,い,餃子,甘み,ある,強い,旨味,肉汁,たまり,あんかけ焼きそば,具材,火,入り,きっ,い,素材,一つ一つ,存在感,あり,美味しい,結構,ボリューム,あり,価格,手頃,丁寧,仕事,為,混雑,時,待ち時間,覚悟,し,なら,なら,雰囲気,あり,再訪,確定,良,店
日曜,ランチ,伺い,11時,開店,15分,過ぎ,訪問,の,先客,3,組,テーブル席,居り,自分,1人,カウンター,着き,直後,3,名,様,カウンター,入っ,後,お客,店,外,待ち,なり,噂,どおり,人気,店,ランチ,Bコース,980円,税込,オーダー,し,ご飯,類,3種類,中,うるおい,チャーハン,選択,メイン,料理,豚肉,根菜,黒酢,酢豚,こだわり,麻婆豆腐,茄子,2,品,小皿,水餃子,デザート,紹興酒,ムース,ドリンク,野菜ジュース,選択,計算,する,Bコース,組み合わせ,ご飯,3,x,メイン,10,x,メイン,9,x,小皿,5,x,デザート,10,x,ドリンク,6,81000,通り,ここ,細かく,選べる,よう,し,もの,配膳,30分,近く,待ち,待つ,の,計算,済み,苦,なり,仕事,中,ランチ,利用,気,付け,方,良,さ,そう,先客,料理,配膳,さ,れる,様子,厨房,調理,音,想像,し,待っ,い,の,注文,毎,鍋,ふるっ,いる,よう,作り置き,し,い,の,配膳,時間,かかる,の,理解,し,真面目,姿勢,好感,持て,薬膳,滋養,スープ,思っ,薬,臭い,感じ,がり,塩分,控えめ,美味しい,チャーハン,パラッパラ,炒め,られ,い,舌触り,五穀米,なのか,思い,具材,ハトムギ,クルミ,感じ,させ,いる,よう,味付け,良く,美味しい,豚肉,根菜,黒酢,酢豚,酢豚,の,黒酢,強め,味付け,思い,とろみ,強め,サツマイモ,レンコン,具,入っ,い,美味しい,一番,楽しみ,し,い,麻婆豆腐,茄子,こちら,とろみ,強め,思っ,山椒,強く,優しい,味,仕上げ,られ,い,豆腐,茄子,一緒,入っ,麻,婆,の,の,懸念,あっ,の,違和感,あり,個人的,辛く,し,ところ,悪く,あり,固め,豆腐,ところ,好み,小皿,水餃子,スープ,量,少なく,水餃子,感じ,あり,確か,し,餃子,デザート,紹興酒,ムース,期待,紹興酒,香り,味,あり,言わ,れ,普通,ムース,他,ドリンク,野菜ジュース,付き,ボリューム,たっぷり,美味しく,完,食,し,しまい,クオリティ,料理,980円,脅威,的,コスパ,思い,ランチ,Aコース,メイン,料理,1,品,820円,なり,メイン,料理,2,品,なる,Bコース,Aコース,1,皿,料理,量,多く,なる,1つ,料理,味わい,Aコース,方,得,しれ,若い,夫婦,2人,店,接客,担当,奥様,丁寧,おもてなし,感心,し,これ,とんでも,店,思い,久々,感動,的,ランチ,なり,夜,食事,伺っ,み,店
2016,09,公休,日,ＭＧ,昼,一,平,酎,ハイ,し,締め,タンタン,並,ラーメン,食べ,プレミアムコース,トドメ,帰り,てら,放射線,通り,都まんじゅう,土産,し,ちゃっ,スペシャル,八王子,名所,巡り,時間,潰し,早番,家内,立川,１,７,時半,過ぎ,合流,南口,炭,ワインビビ,立川,本店,頭,過ぎり,家内,珠玉,中華,希望,し,全国的,金曜日,時間,ダメ,元,電話,し,みる,奥さま,お待ち,し,おり,優しい,言葉,頂戴,でき,囍,南武線,踏切,渡り,記憶,中,目立た,看板,店,着,１,８,時,中,入っ,びっくり,驚き,店内,ノー,ゲスト,駅,遠い,席数,少ない,心配,なり,結果,言え,心配,無用,予約,あっ,よう,１,９,時,当たり前,よう,満席,なっ,おり,グラス,ビール,乾杯,し,オーダー,蒸し鶏,３,種,春巻き,豆,妙,炒め,お願い,し,美味しい,何,食べ,外れ,ない,の,安心,追加,日本酒,ジャスミン,ハイ,古越,銀,龍,善,醸,金龍,飲ん,の,しっくり,せ,ライト,仕上げ,好み,よう,追加注文,麻婆茄子,豆腐,抑え,られ,辛味,コク,絶妙,マッチ,し,ホント,ご飯,かっ込み,衝動,駆ら,れ,仕上げ,チャーシュー,炒飯,これだけ,ゃやゃな,感じ,不味い,わけ,ん,油,強め,感じ,店,満足度,かなり,もの,会計,時,言わ,れ,金額,聞い,驚き,隠せ,ＭＧ,家,倍,価格,言わ,れ,満足度,ハーフ,店,あり,そう,邪魔,いたし,紹介,いただい,杉,ちゃん,mast,ar,さん,感謝,☆☆☆,☆☆☆,☆☆☆,☆☆☆,☆☆☆,☆☆☆,☆☆☆,2016,01,ようやく,再訪,叶い,水曜,定休,壁,日,電話,し,予約,一杯,ﾉ,気持ち,反対,縁遠かっ,西国立,ＭＧ,木曜,休み,家内,仕事,早番,日,逃す,手,あり,ランチ,落ち着い,１,５,時,頃,予約,電話,入れ,店主,氏,気持ちよい,受け,応え,受話器,声,伝わっ,き,人柄,ん,店,着,１,８,時,過ぎ,予約,ＭＧ,家,伝える,相,変わら,可愛らしい,奥様,入っ,左,テーブル,促さ,れ,先客,若者,３,人組,メニュー,決め,侃侃諤諤,楽し,そう,グラス,ビール,乾杯,オーダー,あぶり,叉焼,エビマヨ,七色,豚,焼き餃子,豆苗,強火,にんにく,炒め,前回,訪問,時,メニュー,よう,気,し,料理,完成度,高く,丁寧,作ら,れ,い,美味しい,鍋,振っ,られる,の,店主,氏,提供,時間,かかる,の,待つ,価値,十二分,あり,今回,紹興酒,古越,善,醸仕,込み,し,追加,オーダー,蒸し鶏,三姉妹,麻婆豆腐,茄子,日,来店,谷間,客,いう,在,店,時,満席,なり,女性,独り,客,来ら,れ,い,それ,それ,いい,傾向,の,思い,特殊,男子,一辺倒,武道,系,店,女性,入り,やすい,店,長続き,しない,最後,麺飯,隣席,女性,２,人組,頼ん,い,青菜,海鮮,上海,やきそば,思い描い,い,イメージ,気持ち,色濃い,仕上がり,の,味,信頼,どおり,文句なし,美味しかっ,気持ちよく,帰っ,の,家内,店,携帯,忘れ,しまい,電話,し,これ,気持ちよく,預かっ,翌日,昼,営業,前,携帯,頂戴,し,上がり,素,店主,氏,奥様,ステキ,夫妻,料理,サービス,技術,ない,ん,料理,作る,人,サービス,する,人,人柄,そこ,現れる,ん,思い,☆☆☆,☆☆☆,☆☆☆,☆☆☆,☆☆☆,☆☆☆,☆☆☆,2014,10,先輩,諸氏,レビュー,触発,さ,れ,西国立,行っ,参り,多摩センター,立川,職場,変わっ,家内,伊勢丹,ロビー,待ち合わせ,久し振り,立川,物見,し,南口,歩い,１,０,分,南武線,踏切,越え,目指す,店,あり,看板,電飾,遠目,暗く,分かり,休み,思い,営業中,プレート,一安心,店,着,１,８,時,過ぎ,ドア,開け,店内,思っ,い,狭く,常連,思しき,紳士,独り,感じ,良い,奥様,好き,席,すすめ,られ,入り口,テーブル席,キープ,奥,座り,心地,良さ,そう,深,め,椅子,独り,ＯＫ,カウンター,居抜き,オープン,し,ん,店,分かり,中華,匂い,感じ,店内,一番絞り,生,グラス,カンパイ,メニュー,見,見慣れ,メニュー,パーツ,驚き,チーズ,バジル,カダイフ,オムレツ,柚子胡椒,一般的,中華,メニュー,名,連ね,面々,料理,そのもの,オーソドックス,中華,ん,ひとつ,ワード,入る,魅力,的,期待,感,抱か,せ,くれ,驚く,の,今後,心配,なる,価格設定,いくら,西国立,いっ,少量,皿,いっ,ＣＰ,驚愕,値し,あぶり,叉焼,蒸し鶏,三姉妹,豆苗,強火,にんにく,炒め,七色,豚,焼き餃子,豚肉,根菜,黒酢,酢豚,豚バラ,入り,麻婆豆腐,五目,あんかけ焼きそば,料理,どれ,これ,丁寧,作っ,あっ,ＭＧ,家,弩,ストライク,もの,前菜,主菜,店主,氏,力量,高さ,分かり,今回,頼ま,海鮮,系,他,注文,メニュー,頼ん,安心,不味い,もの,ない,思え,店主,氏,独り,鍋,料理,提供,時間,かかる,ＭＧ,家,みたい,時間,気,しない,系,いい,ん,世の中,急い,でる,人達,い,し,夫婦,経営,価格設定,考える,仕方,店主,氏,サポート,板,いれ,思い,一,度,訪問,お気に入り,店,なり,邪魔,さ,せ,いただき
前回,12,00,過ぎ,行っ,満席,入れ,の,家,近い,その後,気,なっ,仕方,ない,娘,連れ,開店,めがけ,11,00,伺い,店内,エアコン,効い,い,よう,ムン,い,早く,行き,すぎ,い,メニュー,見る,選べる,ランチメニュー,ランチ,セット,写真,あり,メイン,2,品,選べる,980円,Bコース,2人,注文,し,ご飯,類,それぞれ,チャーハン,塩,感じ,やさしい,味付け,中華,蒸しパン,メイン,黒酢,酢豚,エビマヨ,鶏肉,カシューナッツ,麻婆豆腐,茄子,小皿,水餃子,焼売,デザート,カスタード,春巻き,タピオカ,入り,ココナッツミルク,これ,箸休め,野菜,薬膳スープ,初体験,味,6種類,選べる,ドリンク,付き,これ,980円,それぞれ,プレート,提供,さ,れ,商,売っ,気,ない,感じる,よう,落ち着い,丁寧,接客,料理,提供,時間,流れる,時間,二人,マイペース,空気感,包ま,れ,いる,よう,良い,仕事,できる,の,価格,当たり前,高級,中華,あり,美味しい,中華,味,普通,ランチ,コスパ,かなり,インパクト,ある,思い,値上げ,し,よい,気,し,プライス,ロック
2016年,6月,再訪,日,お世話,なっ,いる,マイレビュアー,様,達,オフ会,新生活,疲労,気味,自分,励まし,頂ける,有難い,心遣い,感謝,ω,以前,ランチ,印象,中華,食堂,癒,食,源,さん,店名,表す,とおり,身体,癒さ,れる,様,優しい,中華料理,提供,し,い,１,９,時,店,前,レビュアー,様,合流,一年,ぶり,オフ会,楽しい,お話,し,ビール,乾杯,今回,料理,以下,注文,し,ジューシー,七,色,豚,焼き餃子,4,ケ,380円,税込,3人,9,個,作っ,欲しい,言う,オーダー,店員,さん,快諾,し,皮,肉汁,出る,餃子,王道,どこか,優しい,味付け,ペロリ,頂ける,美味しい,一,皿,あぶり,叉焼,380円,税込,香ばしく,炙ら,れ,チャーシュー,ビール,合い,め,おつまみ,最適,にんにく,使わ,こだわり,鶏,唐揚げ,十,数種類,スパイス,480円,税込,長い,料理名,唐揚げ,気合,入れ,いる,事,不思議,後味,する,ニンニク,使用,唐揚げ,独特,味付け,オリジナリティ,あり,マイレビュアー,様,達,よる,八角,使用,し,いる,推測,流石,気,遣っ,頂き,４,個,うち,自分,2,個,頂き,ソフトシェルクラブ,香草,パン粉,炒め,800円,税込,ザックリ,し,香草,パン粉,炒め,シェル,クラブ,食感,箸,進む,秀逸,仕上がり,野菜,使用,さ,れ,おり,身体,良い,の,思わ,れる,料理,こだわり,麻婆豆腐,茄子,660円,税込,辛さ,強く,食べ,やすい,味わい,一,皿,茄子,豆腐,頂ける,の,良い,香ばしい,叉焼,チャーハン,580円,税込,自然派,味付け,優し,すぎる,味わい,しれ,個人的,価格,グッド,d,後,ウーロンハイ,頂き,会計,1人,2500円,リーズナブル,お仕事,人間関係,事,ユーモラス,交え,お話,し,頂き,充実,時間,過ごさ,せ,頂き,女優,さん,拘ら,様,頑張り,思い,満足,オフ会,なり,2015年,５月,訪問,長め,レビュー,なっ,おり,以前,行き,中華,食堂,癒,食,源,さん,マイレビュアー,様,達,多数,訪問,評価,気,なっ,都心,近い,事,あり,行く,機会,逃し,続け,…。,ω,今回,タイミング,良い,時,休み,来,訪問,13時,20分,頃,到着,先客,8,名,店内,手作り,感,ある,アットホーム,雰囲気,テーブル,カラフル,ソファ,置い,あり,良い,意味,中華屋,さん,ぽく,感じ,よ,さ,そう,女性,店員,さん,一人,様,専用,テーブル席,案内,さ,れ,座り,心地,良い,定番,680円,税込,定食,良い,の,ランチメニュー,B,980円,税込,注文,し,メニュー,ご飯,メイン,2,品,小皿,1,品,デザート,ドリンク,選べる,欲張り,コース,注文,決まり,後,楽しみ,待ち,丁寧,調理,さ,れ,いる,様,最初,一,皿,強,20,し,到着,おお～,一辺,きた,テーブル,並ぶ,綺麗,仕上がり,中華料理,これ,素敵,ビジュアル,頂き,ご飯,類,うるおい,チャーハン,こちら,頂く,事,おお～,優しい,口当たり,細かく,刻ま,れ,無数,野菜,食感,心地よい,丁寧,作ら,れ,ご飯,印象,スープ,野菜,薬膳,滋養,スープ,本日,野菜,こちら,決め,られ,いる,料理,野菜,素材,旨み,十分,引き出さ,れ,箸休め,薬膳スープ,思っ,飲み,やすい,味わい,気持ち,身体,癒さ,れ,いく,気,し,メイン,7色,豚,チーズ,ミルフィーユ,酢豚,何,オシャレ,感じ,する,名前,料理,頂い,みる,し,豚肉,野菜,味わい,濃く,美味しい,優しい,甘酸っぱい,餡,良い,仕上がり,具合,メイン,ソフトシェルクラブ,香草,パン粉,炒め,こちら,普通,中華,思え,オシャレ,名前,カリカリ,香草,パン粉,頂い,美味しい,揚げ,られ,シェル,クラブ,皮,ごと,頂け,旨い,噛みしめる,香ばしい,風味,広がり,良い,仕上がり,小皿,カニ,クリーム,春巻き,コロッケ,良く,聞き,春巻き,珍しい,ガブリ,頂く,中,まろやか,クリーミー,風味,カニ,コロッケ,違う,春巻き,し,食感,新鮮,d,デザート,濃厚,マンゴープリン,ヨーグルト,ムース,マリアージュ,一緒,来,デザート,これ,ビストロ,スイーツ,様,名前,一口,いけ,い,自然,甘,さ,し,美味しい,以上,完,食,凄い,1000円,切る,値段,中華,コース,頂ける,味わい,全体,濃,すぎ,優しい,味わい,脂っこい,中華,苦手,言う,方,良さ,げ,感じ,し,周り,見渡す,常連,さん,思わ,れる,方,達,皆様,し,い,近く,お子さん,何回,美味しい,言っ,て,の,印象,的,満足,ランチ,なり,夫婦,二人,経営,さ,れ,接客,奥様,笑顔,素敵,帰り際,お辞儀,気持ち,良い,接客,数,日,後,大事,ミッション,成功,さ,せれ,自分,素敵,相手,出来る,はず,壮大,フラグ,残し,店,後,し
立川,ある,薬膳,中華,有名,店,立川駅,南口,国立,方面,15分,歩く,南武線,踏切,渡っ,ところ,あり,人気,今,予約,ない,入れ,店,なり,私,アトム,レオ,さん,kona,yuki,くん,励ます,会,今年,開催,し,練習,抜かす,こちら,１,軒,目,店,伺い,以前,立川,愛する,地元,レ,ビューアー,杉,ちゃん,master,さん,お花見,時,こちら,料理,差し入れ,し,下さっ,すごく,美味しかっ,の,覚え,駅,遠かっ,こと,行く,こと,でき,今回,伺う,こと,でき,幸せ,料理,オーソドクス,メニュー,多い,どれ,八角,朝,天,椒,七星,椒,海,椒,二,荆条,花椒,スパイス,使っ,味わえ,独特,味,なっ,い,辛さ,痺れ,程よい,アクセント,ん,唐揚げ,餃子,美味しかっ,最近,食べ,もの,中,一番,しれ,それ,比べ,飲みもの,ビール,生,中,480円,良心,的,美味しかっ,焼酎,少ない,し,ドラゴン,ハイボール,460円,言う,の,気,なっ,飲ん,み,紹興酒,ソーダ,割,ウケ,料理,メイン,居酒屋,ない,考えれ,良い,し,店,夫婦,営ま,れ,い,そのため,大勢,入れ,アットホーム,雰囲気,良い,店,私たち,話,盛り上がり,konayuki,くん,最近,状況,わかっ,き,ところ,深い,話,し,なっ,ころ,暇,し,彼,堀北真希,さん,懐妊,さ,れ,こと,酷く,ショック,受け,憤り,隠せ,様子,店,今度,麺類,食べに,期待,し,スパイス,楽しめる,よう,メニュー,試し,みたい
粉雪,レミオロメン,曲,切ない,歌詞,男,い,konayuki,くん,２,０,１,６,年,彼,リアル,バーチャル,両方,世界,転機,迎え,い,彼,励まそ,オッサンレビュアー,２,名,土曜,夜,立川,降り,立っ,練習,内容,前,レビュー,見,下さい,今回,店,konayuki,チョイス,マイ,レビ,さん,多数,訪れ,いる,人気,店,店,前,合流,し,店内,入口,近く,テーブル席,ビール,乾杯,お願い,し,料理,以下,通り,ジューシー,七,色,豚,焼き餃子,4,ケ,380円,税込,あぶり,叉焼,380円,税込,にんにく,使わ,こだわり,鶏,唐揚げ,十,数種類,スパイス,480円,税込,ソフトシェルクラブ,香草,パン粉,炒め,800円,税込,こだわり,麻婆豆腐,茄子,660円,税込,香ばしい,叉焼,チャーハン,580円,税込,料理,全体的,優しい,味付け,唐揚げ,スパイシー,麻,婆,やさしい,麻,辣,感じる,こと,出来,スパイス,使い,上手,店,印象,強く,残り,優しい,料理,味わい,彼,話,聞か,せ,もらい,会話,し,仕事,こと,例,バーチャル,奥さん,こと,ショック,受け,い,話,する,店,名前,通り,空気,漂っ,い,お酒,進み,勢い,付い,き,い,核心,触れよ,こと,店,雰囲気,壊す,まずい,次,おっさん,ワールド,行き,駅,かなり,距離,あり,人気,店,の,うなずける,料理,最後,僕は君,すべて,知っ,い,一億人,君,見つけ,根拠,本気,思っ,いる,ん,いつか,彼,言葉,伝える,日,来る,ごちそうさま
2016,5,訪問,父の日,母の日,ごはん,娘,プレゼント,し,くれ,店,母,たん,じき,希望,さん,生ビール,梅酒,ロック,紹興酒,古越,龍,山善,醸仕,込み,おまかせ,前菜,盛り合わせ,娘,食べログ,写真,み,これ,事前,頼ん,おい,くれ,ん,さん,写真,料理,ダブら,よう,し,くれ,い,さん,細やか,心遣い,感服,し,完熟トマト,海老,チリソース,豆苗,強火,にんにく,炒め,ジューシー,七,色,豚,焼き餃子,大葉,しらす,チャーハン,石焼き,黒胡麻,坦々,つけ麺,杏仁豆腐,紹興酒,ムース,台湾,黒,タピオカ,入り,ココナッツ,炭水化物,頼み,すぎ,お腹,はち切れ,そう,笑,ちゃん,ごちそうさま,来年,ここ,2015,4,訪問,オフ会,お誘い,いただき,検索,し,みる,TOP500,0,入っ,いる,マイレビュアー,さん,達,大絶賛,こちら,し,訪問,生ビール,カンパイ,レビュアー,さん,いらっしゃい,違和感,なく,溶け,込め,ちゃう,の,不思議,笑,オフ会,ところ,いい,ん,おまかせ,季節,野菜,いろいろ,華やか,飾り,包丁や,盛り,付け,素晴らし,さ,目,そら豆,たけのこ,ホタルイカ,桜エビ,一つ一つ,丁寧,下ごしらえ,味付け,おまかせ,お肉,こちら,りんご,飾り,包丁,鶏肉,豚肉,焼き物,心臓,レバー,燻製,冷め,おいしく,おつまみ,ピッタシ,豚足,新じゃが,ピリ辛,煮込み,豚足,いう,焼き肉屋,さん,酢味噌,つけ,食べる,イメージ,風,変身,し,ちゃう,ソフトシェルクラブ,香草,パン粉,炒め,香ばしく,止まら,美味し,さ,ジューシー,七,食,豚,焼き餃子,一人,１,個,羽根,付,餃子,あん,私,皮,大好き,紹興酒,古越,龍,山善,醸仕,込み,3年,5年,善,醸仕,込み,3種類,うち,一番,高い,これ,味,それ,皆,うなっ,ちゃう,ウマイ,お腹,心,満たさ,れ,美味しい,もの,人,幸せ,し,皆さん,絶賛,さ,れる,理由,わかり,料理,レベル,高さ,こと,若い,夫婦,人柄,笑顔,何度,リピート,さ,せ,しまう,ん,思い,次,家族,連れ,き,たん,じき,オススメ,店,言っ,おっ
所用,久々,立川,訪れ,時刻,１,４,時,近く,遅く,なっ,しまっ,１,４,時,以降,入れる,店,検索,し,口コミ,評価,ランチメニュー,バラエティ,惹か,れ,こちら,邪魔,し,先客,オーダ,入っ,おり,３,０,分,前後,かかる,旨,伝え,られ,席,空い,いる,よう,了承,し,食べ,み,今回,品数,多い,セット,決定,セット,メイン,デザート,６,品,選択,し,メニュー,眺め,うるおい,チャーハン,マーボ,豆腐,茄子,鶏肉,カシューナッツ,炒め,熟成,焼売,杏仁豆腐,マンゴー,ジュース,選択,し,セット,ライス,注文,し,店内,綺麗,空気,篭っ,い,換気,がよく,清掃,行き届い,いる,よう,本棚,本,読み,待つ,こと,３,０,分,弱,料理,到着,し,マーボ,豆腐,茄子,大振り,木綿豆腐,茄子,入っ,い,白米,食べる,こと,想定,し,い,程度,控えめ,味付け,鶏肉,カシューナッツ,炒め,こちら,マーボ,豆腐,茄子,味付け,強め,ごはん,進み,香り,付け,唐辛子,激辛,食べ,しまい,最後,一,口,事なき,得,初め,食べ,い,悲惨,こと,なっ,い,チャーハン,麦,ゴボウ,ゆず,等,チャーハン,珍しい,具材,含め,細かく,カット,さ,れ,多数,具,入っ,い,無化調,繊細,味わい,今,ベスト,チャーハン,感心,感動,し,しまい,焼売,薬膳スープ,温野菜,ドリンク,デザート,美味しく,いただき,味,こと,ボリューム,十分,満足,できる,ランチ,なり,メイン,料理,制覇,す,チャーハン,求め,立川,ランチ,選択,こちら,一択,なり,そう,ごちそうさま
2016,3,24,再訪,今日,妻,ふたり,訪問,西国立駅,行く,徒歩,5分,弱,タイミング,悪い,時間,着い,しまっ,よう,注文,５,分,強,待ち,本日,頼ん,の,Ｂコース,980円,２,自分,うるおい,チャーハン,七,色,豚,チーズ,ミルフィーユ,酢豚,こだわり,麻婆豆腐,茄子,熟成,焼売,杏仁豆腐,妻,うるおい,チャーハン,豚,角煮,薫製,玉子,海老,マヨネーズ,ソース,水餃子,杏仁豆腐,シェア,し,食べ,気に入っ,もの,付け,2016,3,8,訪問,立川駅,徒歩,15分,歩い,ところ,あり,何度,訪れよ,考え,て,の,来れ,い,日曜,12時,半,頃,到着,し,店内,８,割,混み,よう,アクセス,悪い,これだけ,人,来,てる,の,人気,店,証,メニュー,680円,薬膳スープ,本日,小皿,デザート,つい,石,焼,4種,あんかけ焼きそば,食べ,られる,もの,820円,点心,自分,選ん,７,種,980円,自分,選ん,8種,の,あり,本日,頼ん,の,あんかけ,炒飯,680円,980円,Bコース,迷っ,の,どれ,おすすめ,の,わから,他,方,レビュー,見,い,炒飯,おし,てる,よう,炒飯,こと,選び,10分,弱,運ば,れ,き,本日,小皿,よだれ鶏,香味野菜,ナッツ,和え,ある,鶏肉,肉,量,少ない,柔らかく,美味しい,生野菜,上,のっ,これ,小皿,食べ,クオリティ,薬膳スープ,一般,的,味,美味しかっ,椀,量,の,嬉しい,メイン,あんかけ,炒飯,餡,思っ,たより,し,感じ,もの,カレー,よう,形,盛ら,れ,い,炒飯,自体,シンプル,炒飯,卵,チャーシュー,ネギ,具,塩加減,強め,の,ミソ,あんかけ,優しい,味,スープ,ずっと一緒,食べ,てる,飽き,くる,炒飯,はさむ,バランス,よく,絶妙,炒飯,パラパラ,楽しみ,あんかけ,あわせ,中華,あんかけ,楽しめる,考え,られ,てる,感心,し,デザート,マンゴープリン,爽やか,杏仁豆腐,食感,美味しかっ,これだけ,食べ,値段,明らか,安い,今日,一人,やれ,Aコース,Ｂコース,何,品,二人,三,人,別々,もの,頼め,色々,味,ランチ,安く,食べ,られ,店,使い道,あり,そう,店,方,接客,丁寧,し,っ,ください,雰囲気,感じる,接客,良い,ごちそうさま
2016,3,29,昼,切り上げる,こと,出来,帰宅,入れ,こちら,行っ,みる,こと,し,今回,2人,並ん,いる,他,通行人,邪魔,なる,並び方,今回,昼,並ん,いる,うち,回っ,くる,思っ,い,30分,待ち,待たさ,れ,店舗,自体,広く,こと,知っ,い,昼,過ごし,いる,方,多い,回転率,良く,ようやく,入れ,白湯,しょうゆ,角煮,くんせい,玉子,ラーメン,960円,麺,中華麺,程よい,感じ,スープ,最初,一,口,薄め,食事,中間,角煮,味,マッチ,し,き,馴染ん,き,後,豆板醤,入れる,味,なじん,くる,食事,終了,全部,飲み干す,具,野菜,中心,角煮,燻製,玉子,タンパク質,アクセント,なる,一番,アクセント,なっ,の,刻ま,れ,生姜,薬膳,滋養,スープ,100円,これ,売り,様,書か,れ,い,追加,注文,ここ,ラーメン,以外,もの,注文,する,の,正解
中華,食堂,癒,食,源,中華,西国立,周り,店,ない,エリア,営業,し,いる,いたっ,気楽,中華,カウンター,テーブル席,ある,店,メニュー,種類,ある,薬膳,中華,豆苗,炒め,物,根菜,入っ,黒酢,酢豚,唐揚げ,チャーシュー,はいっ,チャーハン,蓮の葉,蒸し,ご飯,食べ,薬膳,スープ,残念,終わっ,しまっ,い,メニュー,大体,500円,700円,程度,もの,多く,量,あり,コストパフォーマンス,高い,どれ,外れ,なく,おいしい,豆苗,醤油,ベース,香ばし,ソース,ニンニク,炒め,ある,スターター,し,よい,酢豚,コク,あり,程よい,酢,加減,ゴボウ,根菜,大きく,切っ,入っ,おり,食感,軽く,芯,残る,火,通し,加減,好み,味,唐揚げ,もの,4つ,見た目,迫力,ある,薬膳,香り,鼻,抜ける,し,味付け,大きく,食べ,られる,チャーハン,油,馴染ん,おり,ご飯,油っこく,ヘルシー,蓮の葉,し,もち米,蓮の葉,香り,さわやか,値段,安い,味,ボリューム,たっぷり,近く,あっ,うれしい
来店,出来,時間,13時,頃,こちら,店,口コミ,評価,高い,以前,2度,伺い,満席,閉店,直後,空振り,し,い,ニヤ,つき,来店,本日,姉,来店,皆さん,評価,裏付け,ある,自信,持っ,紹介,出来,自分,Bコース,8,品,980円,税込,オーダー,姉,Aコース,7,品,820円,税込,ご飯,類,メイン,料理,小皿,デザート,ドリンク,選べる,食べ,好きな物,嬉しい,コース料理,店内,中華,食堂,言っ,落ち着い,雰囲気,女子会,やっ,て,良い,感じ,料理,油,ギッシュ,感じ,皆無,胃,優しい,身体,良い,料理,美味しい,こちら,店,立川,上位,入る,の,ない,の,数時間,たっ,いる,胃もたれ,しません,少食,自分,Aコース,充分,ボリューム,満点,コース,みたい,の,欲張り,過ぎ,次回,ランチ,セット,あんかけ,焼そば,680円,税込,オーダー,し,み,美味しかっ,訪問,さ,せ,いただき
日,西国立,昼食,なっ,あたり,土地,勘,食べログ,検索,見つけ,日の出,屋,マイ,レビ,さん,レビュー,見る,ラーメン,美味,そう,店,向かう,着け,定休,日,ある,ん,パターン,日の出,屋,向かう,途中,あっ,こちら,邪魔,する,こちら,日の出,屋,以上,マイ,レビ,さん,レビュー,あり,食べログ,スコア,3,66,TOP500,0,入る,店,店,前,ランチメニュー,立て,看板,見れ,680円,TOP500,0,店,し,安い,ランチ,セット,あんかけチャーハン,注文,注文,ご飯,炒める,音,聞こえる,届い,セット,内容,あんかけチャーハン,薬膳,滋養,スープ,本日,小皿,蒸し鶏,叉焼,サラダ,デザート,マンゴー,ヨーグルト,ムース,炒飯,雑穀米,玉子,他,人参,牛蒡,加え,ある,の,薬膳,っぽい,味,味,し,旨み,ある,物足りな,さ,炒飯,食べれ,食感,餡かけ,一緒,食べれ,加わり,1,皿,2度,美味しい,優れ,もの,蒸し鶏,叉焼,サラダ,ゴマドレ,すり胡麻,これ,ヘルシー,感じ,炒飯,負け,良かっ,の,薬膳,滋養,スープ,飲め,様々,具,織り成す,複雑,深い,味,薬膳,柔らかい,味わい,塩辛,さ,感じ,7種,漢方,入り,美味い,名,通り,滋養,あり,そう,スープ,内容,680円,驚き,安く,委員会,接客,よく,職場,近く,あれ,間違い,通う
マイレビュ,さん,三,人,お勧め,UP,さ,れ,い,行っ,来,杉,ちゃん,mast,ar,様,mg,様,よっしー,様,会い,し,こと,ありません,間違い,信じ,行っ,来,コスパ,ランチ,11時,半,到着,店内,半分,お客様,12時,八,割,入っ,い,ー,二,品,選べる,ランチ,しよう,思い,入り,麻婆豆腐,し,スープ,コンソメ,系,ない,こと,こちら,個人,的,嬉しかっ,麻婆豆腐,辛,すぎ,ランチ,よかっ,デザート,甘い,もの,苦手,ミニサイズ,杏仁,プリン,かな,甘く,美味しく,頂き,激,安,コインパーキング,近く,あり,美味しい,安い,驚愕,し,ちゃい,普段,ランチ,1200円,使い,半額,近い,金額,身体,優しい,味,立川,近辺,全く,探索,し,い,参考,なり,今度,夜,行き,思い
夜,中華,店,行く,機会,無かっ,食べログ,評価,気,なり,当日,予約,訪問,し,訪問,4,名,言う,こと,あり,コース,お願い,する,4,名,構成,食べ,食材,嫌い,食材,確認,さ,れ,予約,際,印象,与える,気持ち良,さ,期待,膨らむ,応対,コース,飲む,の,好き,為,少量,良い,食べ,リクエスト,し,ご飯,ラーメン,料金,1人,2,000,円,お願い,し,店,町,中華屋,さん,思え,綺麗,洋食屋,さん,よう,雰囲気,店内,前菜,始まり,料理,運ば,れ,酒,進ま,食べる,の,集中,し,腹一杯,満足,前菜,クラゲ,ピリ辛,キュウリ,トマト,餃子,エビマヨ,黒酢,酢豚,カニ,クリーム,春巻,五目,春巻き,鳥,唐揚げ,カレー,風味,鶏肉,カシューナッツ,炒め,豆苗,ニンニク,炒め,マーボ,豆腐,チャーハン,注文,料理,日本人,合う,よう,味付け,さ,れ,おり,何,食べ,美味し,いかっ,餃子,カニ,クリーム,春巻,インパクト,あり,餃子の皮,厚め,モチ,モチ,感,たまらなく,カニ,クリーム,春巻,発想,凄い,カニ,クリーム,揚がっ,皮,バランス,最高,2,000,円,あれだけ,量,美味し,さ,考えれ,最高,コストパフォーマンス,伺い,思える,店,コース,お腹,一,杯,なり,過ぎ,次回,飲み,好み,料理,楽しみ,思う
休日,立川,買い物,帰り,夕飯,てら,訪問,し,食べログ,評価,非常,高い,こちら,店,多摩地域,美味しい,中華,知ら,前,行っ,み,思っ,い,店,西国立駅,歩い,ところ,通り,あり,人通り,多く,思わ,れる,場所,あり,店構え,評判,聞い,い,入る,気,起き,暗い,中華屋,感じ,店,前,来,店,合っ,いる,の,不安,なり,ただ,店,入っ,メニュー,見る,凝っ,メニュー,手頃,価格,並ん,い,日,奥さん,２,人,お酒,やめ,食事,優先,する,こと,餃子,から揚げ,酸辣湯,ソフトシェルシュリンプ,香草,パン粉,炒め,完熟トマト,海老,チリソース,香ばしい,叉焼,チャーハン,五目,あんかけ,やきそば,注文,店主,さん,足,指,骨折,中,料理,提供,時間,かかる,こと,中華,踏ん張る,こと,多,そう,大変,思い,快く,承諾,し,料理,待ち,他,お客さん,少なかっ,こと,気,なる,時間,かから,餃子,到着,皮,厚め,大ぶり,餃子,４つ,食べ,みる,小籠包,張り,溢れる,肉汁,味,クオリティ,３,８,０,円,確か,得,スタート,来,よかっ,思い,出,くる,料理,いただき,印象,残っ,の,から揚げ,焼きそば,から揚げ,にんにく,使っ,い,の,こだわり,よう,それ,スパイス,味,効い,い,ご飯,お酒,合い,そう,仕上がり,焼きそば,オーソドックス,味付け,中華,ありがち,過剰,味付け,油,控え,られ,い,見た目,以上,食べ,られ,所要,所,掲げる,癒,食,源,考え,ちりばめ,られ,い,店主,さん,意欲,高,さ,感じる,こと,でき,店内,雑然,し,印象,音楽,食事,中,リピート,し,い,料理,以外,部分,力,入れ,店,評価,上がる,思い,他,メニュー,気,なる,もの,多数,近く,行っ,立ち寄り,思い
2015年,6月,レビュー,若い,夫婦,がんばっ,おら,れる,中華,店,頃,立川,人気,トップクラス,なっ,き,一人,様,ランチ,訪れ,ランチ,Bコース,8,品,選択,ご飯,うるおい,チャーハン,メイン,鶏肉,カシューナッツ,香り,唐辛子,炒め,エビチリ,小皿,熟成,シューマイ,デザート,杏仁豆腐,ドリンク,トクホ,コーラ,選択,し,これ,スープ,薬膳スープ,季節,小皿,野菜,メイン,付い,980円,驚き,ハイ,コスパ,1つ,お盆,載せ,られ,状態,奥様,持っ,き,くれ,フェイスブック,とご,主人,足,痛め,らっしゃる,そう,思う,よう,動け,大変,そう,うるおい,チャーハン,チャーハン,おいしい,鶏肉,カシューナッツ,香り,すばらしい,唐辛子,2種,入っ,てる,気,つける,よう,言わ,れ,の,花椒,痺れる,よう,味,香り,魅せ,られ,見慣れ,丸い,かたち,唐辛子,かじっ,み,ところ,最初,何,1,2分,後,ものすごい,辛さ,伝わっ,き,おいしかっ,エビチリ,深い,味,一品,肉,たっぷり,ジューシー,シューマイ,よかっ,杏仁豆腐,コーラ,おいしい,締めくくり,数,分間,リラックスタイム,楽しめ,うかがい,2015年,4月,レビュー,夜,幹事,様,尽力,カオ,おかげ,ステキ,おいしく,リーズナブル,小宴,楽しみ,生ビール,乾杯,し,後,幹事,様,おまかせ,お願い,し,て,美しく,おいしい,野菜,盛り合わせ,肉,盛り合わせ,砂,ズリ,ハツ,レバ,燻製,絶品,最高,おいしい,料理,話,弾み,こちら,紹興酒,頼む,ボトル,チャイナドレス,まとっ,女性,格好,登場,し,写真,参照,お肉,入っ,絶品,料理,豚足,新じゃが,煮込み,おいしい,野菜,天,羽根付き餃子,ほっぺた,落ち,そう,おいし,さ,8人,紹興酒,何本,空け,1人,3400円,支払額,安,すぎ,店,主人,奥様,幹事,様,同行,者,皆様,ほんとうに,楽しい,時間
本日,子連れ,中華,食堂,ランチタイム,麻,婆,狙い,癒,食,源,立寄り,オレンジ色,看板,中華,店,店,外,置か,れ,メニュー,一見,嬉しい,12時,過ぎ,訪店,待ち客,2,客,4,人気,満席,続く,ランチタイム,行列,断念,する,人,テーブル席,カウンター,席,別れ,注文,ランチ,Ａコース,７,品,820円,あんかけ焼きそば,680円,２つ,あんかけチャーハン,680円,テーブル席,空い,ところ,合流,気遣い,頂く,セット,付属,する,小皿,デザート,スープ,こいつ,テーブル,華やか,なっ,する,筍,青梗菜,大ぶり,野菜,搭載,やさしい,中華,あんかけ,上品,味わい,強め,波打つ,ゴワゴワ,麺,特徴的,絡ん,野菜,麺,加わり,楽しい,食感,薬膳,滋養,スープ,清涼,豊か,味わい,中華,カフェ,っぽい,提供,方式,素敵,チャーハン,好み,あんかけ,納得,麻婆豆腐,茄子,熟成,焼売,チョイス,Ａコース,デザート,選べる,の,女心,くすぐる,後,辛さ,伝わっ,くる,麻婆豆腐,行き過ぎる,痺れ,ない,優等生,的,味わい,機会,あれ,夜メ,ニュー,楽しみ,し,中華,カフェ,頂く,あんかけ,ランチ,する,一杯,言お,大変
2015,06,07,夕飯,こちら,店,ＪＲ,中央線,立川駅,南口,歩い,７,分,ＷＩＮＳ,通り,国立,向かっ,歩き,南武線,踏み切り,渡る,右手,マンション,１,階,ある,中華,レストラン,以前,徳,順,居,云う,居酒屋,中華,レストラン,前,何,店内,知っ,なん,ちゃ,ら,前,中華,居酒屋,風,幾,分,あか抜け,し,様,みえ,店,建物,脇,入る,ある,コインパーキング,車,止めれ,歩い,３,０,秒,オープン,前,３分,待ち,店内,一番乗り,３,人,告げる,５,席,ない,カウンター,奥,座る,様,案内,カウンター,席,意外,座り,心地,良く,ろ,かっ,始め,生ビール,４,２,０,円,グラス,生ビール,２,８,０,円,お願い,ツマミ,蒸し鶏,三,姉妹,３,８,０,円,クラゲ,胡麻,粒マスタード,２,８,０,円,かぶ,甘酢,漬け,３,８,０,円,始め,出,き,の,クラゲ,胡麻,粒マスタード,クラゲ,丁寧,包丁,入れ,ある,食べ,やすく,強め,マスタード,新鮮,感じ,られ,おつぎ,蒸し鶏,三姉妹,味付け,バンバンジー,ネギ,醤油,黒酢,っぽい,味,普通,蒸し鶏,ネギ,油,あっ,良い,の,３,番目,出,はかぶ,甘酢,漬け,１,個,分,立て,切り,し,葉っぱ,甘酢,味,おいしい,個人的,蕪,好き,野菜,最近,何,度,蕪,１,束,買っ,き,皮,剥い,葉っぱ,一緒に,塩,浅漬け,し,冷蔵庫,２,時間,後,食べ,み,今,時期,何,云っ,蕪,おいしい,みずみずしく,甘味,あり,食べ,終わる,前,紹興酒,古越,龍山,４,８,０,円,２つ,にんにく,使わ,こだわり,鶏,唐揚げ,十,数種類,スパイス,４,８,０,円,ニラ,豆もやし,にんにく,強火,炒め,４,６,０,円,豚肉,根野,菜,黒酢,酢豚,６,８,０,円,追加,し,出,き,の,にんにく,使わ,こだわり,鶏,唐揚げ,十,数種類,スパイス,表面,硬め,揚げ,方,中,熱々,中華,薬膳,風,味わい,で,き,の,豚肉,根菜,黒酢,酢豚,黒酢,ソース,豚肉,いい,味,ビーマン,入っ,い,蓮根,１つ,なし,まとも,具材,ゴボウ,玉ねぎ,味,イマイチ,フォト,メニュー,異なる,見,姿,これ,残念,次,ニラ,豆もやし,にんにく,強火,炒め,これ,味付け,良く,ボリューム,あり,食事,注文,なり,ドラゴン,ハイボール,４,６,０,円,１つ,お願い,料理,追加,ソフトシェルクラブ,香草,パン粉,炒め,８,０,０,円,具材,たっぷり,春巻,１,５,０,円,２つ,香ばしい,叉焼,チャーハン,５,８,０,円,花巻,ミルク,パン,９,０,円,２つ,ソフトシェルクラブ,香草,パン粉,炒め,パン粉,多く,後,料理,感じ
ランチ,再訪,し,今回,Bコース,選択,ご飯,うるおい,チャーハン,メイン,海老,マヨネーズ,ソース,鶏肉,カシューナッツ,香り,唐辛子,炒め,小皿,熟成,焼売,デザート,アールグレイ,プリン,ドリンク,マンゴー,ジュース,選択,し,なくし,すべて,お盆,載せ,られ,状態,提供,さ,れ,うるおい,チャーハン,味,つい,い,具,くさ,ん,美味,鶏肉,カシューナッツ,芳ばしい,香り,一品,海老,マヨネーズ,海老,身,太く,プリプリ,焼売,肉感,たっぷり,濃厚,ジューシー,付け,合わせ,野菜,手,抜か,一品,存在感,薬膳スープ,食事,本日,満足,あと,アールグレイ,プリン,マンゴー,ジュース,味わっ,フィニッシュ,これ,980円,毎回,おどろき,CP,ごちそうさま,オフ会,念願,夜,訪問,果たし,企画,し,いただい,幹事,様,今回,8,名,席,3人,5人,テーブル,分かれ,座る,形,おまかせ,二,皿,コーフン,季節,野菜,盛合わせ,筍,空豆,ホタルイカ,どれ,美味,お肉,盛合わせ,厚,切り,チャーシュー,鶏もも肉,す,ずり,心臓,レバー,燻製,豪華版,トマト,盛り,付け,リンゴ,飾り,包丁,美し,すぎ,あと,それぞれ,アラカルト,注文,ソフトシェルクラブ,香草,パン粉,炒め,800円,ジューシー,七,色,豚,焼き餃子,4,個,380円,完熟トマト,海老,チリソース,720円,豆苗,強火,にんにく,炒め,680円,どれ,濃い,味付け,深ーい,味わい,美味,一,皿,ボリューム,多く,満足感,高い,ドリンク,生ビール,乾杯,し,後,紹興酒,ボトル,生ビール,中,ジョッキ,420円,紹興酒,古越,龍山,善,醸仕,込み,ボトル,2080円,紹興酒,常温,ストレート,いただき,まろやか,コク,あっ,甘い,香り,あっ,美味しい,飲め,しまっ,キケン,酒,料理,美味し,すぎ,盛り,付け,美しすぎて,楽しく,胸,いっぱい,お腹,満足,会計,3400円,CP,高,すぎ,う～,若い,夫婦,営業,し,らっしゃる,さん,アットホーム,素晴らしい,店,伺い,ごちそうさま,幹事,様,一緒,し,下さい,皆様,来店,日,土曜日,午後1時,前,来店,し,アクセス,立川駅,国立,方面,向かっ,徒歩,15分,南武線,踏切,過ぎ,先,店,あり,外観,内装,雰囲気,オレンジ,ファサード,目立つ,外観,店内,2人,掛け,テーブル,2,卓,3人,掛け,1人,掛け,1,卓,カウンター,4,席,12,席,小さ,店,テーブル,スペース,狭い,荷物,置き,籠,置か,れ,いる,の,嬉しい,配慮,内装,椅子,ポップ,色合い,使用,し,いる,中華屋,さん,いう,カフェ,よう,雰囲気,客層,30代,お客さん,大半,おひとり様,女性,二,人組,夫婦,客層,料理,ドリンク,ランチメニュー,680円,820円,980円,3種類,680円,もの,単品,メイン,820円,メイン,小皿,1,品,選べる,セット,980円,メイン,小皿,2,品,選べる,セット,鶏,燻,玉子,飯,680円,注文,5分,程度,配膳,さ,れ,メイン,丼,他,白キクラゲ,入っ,バンバンジー,サラダ,薬膳,滋養,スープ,スイーツ,付い,い,これ,値段,以上,ゴージャス,さ,鶏,燻,玉子,飯,し,見た目,丼,第一印象,味,濃,そう,鶏肉,一,口,いただき,揚げ,ある,の,ソテー,さ,れ,いる,の,表面,し,食感,中,鶏肉,柔らか,気,なっ,い,濃いめ,ソース,餡,意外,濃い,味,まろやか,コク,あり,これ,ごはん,合い,中華,調味料,明るく,何,味,言え,の,しょっぱく,すっぱく,ない,の,不思議,燻製,玉子,燻製,香り,心地よく,黄身,濃厚,トロ,トロ,感,たまり,青梗菜,シャッキリ,し,食感,いい,感じ,小皿,バンバンジー,サラダ,美味しく,薬膳,滋養,スープ,何,味,分から,身体,沁み,入る,スープ,スイーツ,マンゴープリン,ヨーグルト,ムース,いただき,接客,若い,夫婦,営業,フロア,奥様,担当,丁寧,接客,良かっ,ＣＰ,680円,メイン,小皿,スープ,スイーツ,付き,得,CP,高い,思い,全体,印象,立川,レビュアー,さん,絶賛,店,こと,期待,大,伺い,期待,上回る,美味し,さ,滋味,深さ,正直,驚き,ランチ,手頃,金額,選択肢,広い,オススメ,夜,一品,料理,摘ま,み,紹興酒,良,さ,そう,再訪,し,ごちそうさま
2015,5月,再訪,京都,帰っ,き,立川,所用,終え,みる,お昼,時,どこ,かしこ,満席,ランチ,あり,つけ,時,思い付い,の,此,方,今回,歩い,伺っ,みる,満席,ランチ,セット,今回,海老,マヨ,七,色,豚,チーズ,ミルフィーユ,酢豚,組み合わせ,ん,メリハリ,いう,ほんわか,する,様,出来,具合,此,方,良い,本題,国立,様,帰る,こと,立川,戻る,バス,待つ,選択肢,今回,後者,選択,バス,時刻表,見る,時間帯,依り,いずれ,しろ,１,時間,あたり,２,本,３,本,夏日,様,天候,バス,待つ,の,厳しかっ,の,事前,時刻表,頭,入れ,置け,対応,出来る,の,思い,今回,ビール,２,杯,飲み,バス,国立,戻る,酔い,冷め,次回,バス,移動,思っ,次第,夏場,冬場,要注意,2015,-4,月,訪問,此,方,前々,伺い,の,都合,付か,今日,至っ,しまい,当日,休日,出勤,し,翌日,疲れ,体,癒し,思っ,い,此,方,思い出し,立川駅,歩い,伺っ,み,ランチ,セット,980,セット,メイン,１,品,の,２,品,選べる,こと,此,方,即決,構成,ご飯,チャーハン,薬膳スープ,本日,温野菜,メイン,麻婆豆腐,茄子,完熟トマト,エビチリ,小皿,熟成,焼売,デザート,アール,グレー,プリン,ドリンク,ホット,ジャスミン茶,具合,豊富,ラインナップ,各々,味付け,健康志向,考え,塩加減,中華料理店,弱め,何,か体,良さ,そう,いう,分かり,薬膳スープ,付い,いる,の,有難い,家族,友人,連れ添っ,楽しむ,の,良い,の,此,方,素晴らしい,ところ,一人,様,考慮,し,値段,設定,さ,れ,いる,こと,値段,体,優しく,至れ,せり,折,見,再訪,いたし,追記,いえ,国立,立川,行き,バス,ルート,幾つ,ある,の,此,方,目,前,通る,ルート,ある,お酒,飲ん,後,立川駅,戻ら,バス,乗る,の,良,さ,そう
2015年,５月,某,日,来店,西国立駅,程近く,立川駅,１,４,分,歩く,距離,ランチ,利用,ランチメニュー,680円,セット,メニュー,５,種,千円,以内,コース,メニュー,２,種,あり,ＣＰ,高い,内容,時間,なかっ,680円,セット,メニュー,麻婆茄子,豆腐丼,セット,オーダー,し,出て,きた,料理,食欲,そそる,香り,味,素晴らしい,実山椒,スパイス,香り,高く,ソース,濃,さ,塩味,絶妙,スープ,飲み,平らげ,しまい,サイズ,セット,バンバンジー,サラダ,頬張る,濃厚,イイ,口直し,デザート,杏仁豆腐,マンゴープリン,つい,おり,女性,喜ば,れ,そう,店内,カフェ,っぽい,作り,雰囲気,ＢＧＭ,柔らかい,ポップス,チョイス,さ,れ,店名,通り,緩やか,雰囲気,夫婦,やら,れ,いる,よう,若い,シェフ,大変,センス,イイ,料理人,お薦め,店
オフ会,招待,さ,れ,武蔵野線,西国分寺,経由,立川,新松戸,1時間,起き,逆,中央線,乗っ,しまっ,こと,前,レビュー,書い,通り,バカ丸出し,オースマンサンコン,ここ,迷っ,学生時代,体育,系,やっ,一気,飲み,あと,ダッシュ,強要,よい,子,真似,し,酔い,回る,店,外,目立た,看板,照明,点い,い,極度,人見知り,知ら,顔,だらけ,やっ,しよう,店内,覗い,馴染み,レビュアー,さん,顔,し,店内,店,雰囲気,良さ,そうだ,最初,任せ,料理,出,くる,飾り,包丁,技術,凄い,季節,野菜,盛り合わせ,旬,蛍烏賊,桜海老,筍,優しい,芯,し,味付け,二,皿,目,お肉,盛り合わせ,ボリューム,チャーシュー,旨い,ビール,乾杯,し,その後,紹興酒,チェンジ,古越,龍山,善,醸仕,込み,まろやか,角,ない,飲み,やすい,お酒,可愛らしく,チャイナ服,身,つけ,いる,誰,脱が,せ,の,ワシ,ソフトシェルクラブ,香草,パン粉,炒め,上品,味付け,殻,ごと,いただける,蟹,香ばしかっ,七色,豚,焼き餃子,これだけ,ビール,戻し,いただき,羽,付き,の,ビジュアル,的,楽しい,豚足,新じゃが,ピリ辛,煮込み,これ,回っ,き,写真,お喋り,紛れ,完熟トマト,エビ,チリソース,トマト,フレッシュ,やっ,豆苗,強火,にんにく,炒め,これ,旨かっ,にんにく,味付け,さ,れ,パンチ,炒め,物,やっ,会い,し,レビュアー,さん,ヘタレ,ワシ,ウエルカム,やっ,の,嬉しい,mogu,aa,さん,お酒,ピッチ,速く,着い,いく,の,大変,店主,夫婦,雰囲気,良く,それ,店,雰囲気,良い,常連客,掴ん,いる,の,つながっ,いる,きっかけ,今回,お誘い,くださっ,幹事,さま,一緒,し,皆さん,店
2015,4,再会,朝,べろ,会,お花見,会場,杉,ちゃん,master,さん,息子,さん,爽やか,現れ,こちら,料理,差し入れ,爽やか,笑顔,残し,帰ら,れ,遺さ,れ,差し入れ,牛丼,持ち帰り,容器,みたい,の,6つ,これ,豪勢,ｶﾞ,ﾟ,Д,ﾟ,ﾝ,ありがたく,いただか,せ,いただき,ではでは,ホイコーロー,だぁ,ﾟ,人,ﾟ,ノﾋｬｯﾊｰ,いい,キャベツ,クタ,具合,絶妙,バランス,味,染み,ご飯,ください,本能,訴え,他,肉,系,いただき,これ,美味しかっ,ん,下,敷い,ある,もやし,美味しい,これ,ご飯,掻っ込み,なる,行か,思い,ビール,空け,いく,河井,の,つづく,2014,11,訪問,食べログ,オフ会,あと,参加,さ,れ,た方,6,名,ヒノマル食堂,有楽町,店,大衆,割烹,三,州,屋,銀座一丁目,店,飲み,歩き,その後,蕎麦屋,蕎麦,食べ,皆さん,別れ,その後,あざらし,ななお,さん,誘わ,れ,こちら,向かい,途中,道,迷い,来店,ここ,杉,ちゃん,master,さん,なべ,まさ,わさん,塩,好き,さん,対面,皆さん,独特,オーラ,ある,ﾟ,Д,ﾟ,ｶﾞｸﾌﾞﾙｶﾞｸﾌﾞﾙ,その後,街かど,ラーメン屋,さん,向かい,かけがえ,無い,体験,さ,せ,いただき,ここ,記憶,ありません,リベンジ,すっ,っ,っ,ﾟ,Д,ﾟ,ﾉ,13,35,来店,憶え,いる,憶え,いる,ﾆﾔﾘ,そう,確か,あざらし,さん,カウンター,座っ,ビール,呑ん,たな,記憶,蘇り,感じ,ﾟ,ﾟ,入口,近く,立っ,いる,感じ,良い,女性,店員,さん,奥様,好き,席,言わ,れ,窓際,2人,掛け,テーブル,着座,メニュー,眺め,680円,セット,石焼き,天津飯,気,なり,・,次,店,事,ある,卵,控えめ,し,おこ,ω,ｷﾘｯ,基本,っぽい,Aコース,820円,チョイス,プリフィックス,コース,7,品,うち,ご飯,メイン,料理,小皿,デザート,ドリンク,それぞれ,数種類,択ぶ,趣向,特製,書か,れ,いる,うるおい,チャーハン,外せ,ﾆﾔﾘメイン,ライト,白身魚,豆,粉,揚げ,小皿,熟成,の,気,なっ,熟成,焼売,デザート,アールグレイ,プリン,ドリンク,ジャスミン茶,チョイス,し,河井,らしくない,チョイス,思い,しょうが,次,店,あり,ﾆﾔﾘメニュー,裏,チャーハン,説明,書き,あり,チャーハン,ハトムギ,松の実,クルミ,胡麻,人参,大根,ゆず,牛蒡,ほうれん草,入っ,いる,みたい,かん,身体,良さ,げ,オサレ,カフェ,様,店内,清潔感,あり,良い,狭,さ,落ち着き,入口,近く,1人,掛け,テーブル,ある,の,面白い,待っ,いる,間,常連,っぽい,女性客,来店,し,躊躇,なく,こちら,座り,先客,1人,店,出る,頃,5人,居,いずれ,常連,さん,っぽい,感じ,ＢＧＭ,趣味,良い,JPOP,12分,竣工,黒酢,香り,鼻腔,抜け,いき,ではでは,茶碗,供,さ,れ,チャーハン,確か,潤っ,い,ダマ,なっ,し,おら,確か,力量,感じ,松の実,クルミ,食感,アクセント,なっ,い,時折,柚子,香り,豆,粉,揚げ,黒酢,餡掛け,タルタル,添え,られ,おり,丸い,ポテトフライ,みたい,見た目,豆,粉,カリ,サク,メイン,軽い,食感,中,白身魚,丸まっ,いる,格好,ご飯,進む,タイプ,味付け,チャーハン,単体,美味しい,バランス,取れ,い,添え,付け,牛蒡,フライ,適度,歯応え,美味しい,小鉢,温野菜,慢性的,野菜,不足,河井,ここ,野菜,摂取,し,ﾟ,Д,ﾟ,ﾉ,熟成,焼売,ビール,忘れ,たっ,味,次回,これ,ビール,呑み,ﾟ,ﾟ,アールグレイ,プリン,し,タイプ,アールグレ,いっ,味,これ,当たり,ﾆﾔﾘ,満足,完,食,価格,帯,品目,摂取,できる,の,嬉しい,ボリューム,多く,ない,感じ,2,軒,目,想定,外,苦しん,腹持ち,良い,の,しれ,2,軒,目,ボリューム,アレ,説,ある,会計,済ませ,あと,女性,店員,さん,お辞儀,直ぐ,店,出,3秒,思い,ドア,閉め,歩き,出す,時,店内,見,辞儀,さ,れ,い,事,簡単,よう,い,出来,もの,それ,気付い,客,嬉しい,もの,通い,なり,ﾆﾔﾘ,きっと,何度,通え,真価,発揮,する,店,ランチ,プリフィックス,飽き,常連,さん,見,いる,通う,たび,居心地,良さ,上がっ,来,そう,気,し,ここ,西国立,周辺,住民,ベスト,プレイス,なり,ある,の,しれ,思い,次,店,向かう,河井,の,行き,ｰﾟ,ﾉ,つづく
立川駅,国立駅,自転車,移動,する,存在,前,知っ,い,最近,マイレビュアー,さん,達,レビュー,アップ,し,いる,気,なっ,き,訪問,する,チャンス,訪れ,店,入る,先客,ゼロ,１,１,時半,前,入っ,印象,言え,似顔絵,二人,似,い,爆,感じ,こと,いい,ランチメニュー,チョイス,し,最近,麻,婆,系,メニュー,うるさく,なっ,気,する,麻婆豆腐,茄子,ランチ,６,８,０,円,税込,し,厨房,奥,調理,し,いる,音,し,い,時間,掛かっ,い,ランチ,時間,掛かっ,いい,の,待つ,注文,品,やってき,注文,品,出,くる,前,カリカリ,音,聞こえ,最後,山椒,すり,器,すっ,の,外観,レベル,高,そう,麻,婆,見え,食べ,みる,辛さ,控えめ,山椒,味,する,もの,満足度,高い,辛さ,欲しい,卓上,ラー油,投入,し,違う,味,なっ,食べる,こと,し,食,感,山椒,風味,口,中,広がる,山椒,粗,め,削っ,いる,の,麻,婆,部分,多く,ライス,少な目,の,印象,棒棒鶏,サラダ,少量,いい,味,欲しい,スープ,薬膳スープ,そう,深み,ある,いい,味,最後,デザート,ケーキ,ココナッツミルク,ココナッツミルク,甘,すぎ,残し,ケーキ,いい,味,店,本格,派,色々,料理,食べ,み,店
2015,4月,直接,やり取り,し,い,食べログ,レビュアー,様,お誘い,いただき,思い,参加メンバー,中,やり取り,会い,し,方,３,名,おら,れ,頻繁,やり取り,さ,せ,もらっ,てる,方,久しぶり,会い,し,い方,達,の,あり,たま,参加,さ,せ,もらう,こと,立川,30年前,住ん,い,それ,以来,下り,こと,なく,今回,駅,中,南口,駅前,なに,変化,ビックリ,真っすぐ,行け,いい,よう,立地,迷わ,行け,看板,灯,類,明るく,通り過ぎ,しまい,多人数,集い,借りて,きた,猫,なる,私,スムーズ,会話,流れ,作っ,いただき,乾杯,幹事,殿,先,頼ん,い,くれ,前菜,２,品,１,皿,め,蛍烏賊,桜海老,炒め,もの,筍,どれ,旨い,２,皿,め,肉類,皿,鶏,レバー,内蔵,系,スモーク,細かい,こと,分から,こちら,料理,上品,力強いっ,思い,飾り,包丁,細工,見事,七色,豚,焼き餃子,七色,豚,知ら,ジューシー,皮,食べ,完熟トマト,海老,チリソース,チリソース,ケチャップ,ん,しつこく,優しい,甘,さ,言う,の,なん,せよ,旨い,ソフトシェルクラブ,香草,パン粉,炒め,サクサクサクサク,覚え,るし,旨かっ,それ,ビール,後,呑ん,善,醸仕,込み,紹興酒,高級,の,呑ん,こと,い味,コク,あっ,甘く,燗,し,ザラメ,いら,量,呑む,俺,コク,あり,すぎ,途中,ガ,くる,安い,紹興酒,呑み,なる,爆,久々,立川,中央線,遠かっ,行っ,良かっ,思い,楽しかっ,ここ,店,行け,良かっ,１,回,食べ,切れ,食べ,み,メニュー,店,夫婦,感じ,いい,行か
2015年,4月20日,タイミング,合い,ランチ,訪問,他,レビュワー,さん,書き込み,ディナー,クオリティ,体感,し,期待,し,伺い,結果,ランチ,大当たり,旨,い味,そのままで,少なめ,ポーション,品数,多く,1,000,円,以内,食べ,られる,ウマウマ,中華,さん,惚れ,直し,2015年,4月14日,四,度目,訪問,今夜,堪能,さ,せ,いただき,温め,紹興酒,飲み,冷たい,物,風味,口当たり,変わり,これ,美味,私,ブログ,イタリアン,まとめ,い,感動,し,ブログ記事,し,ちゃい,よけれ,読み,ください,にほんブログ村,イタリア料理,グルメ,部門,全国,１,位,2015年,4月14日,現在,http://,pi,zz,a.,hatenadiary,.jp,entry,20150415,1429051180,2015年,4月13日,三,度目,訪問,仕事,帰り,夜,訪問,テーブル,上,見,い,甘味,充実,し,いる,こと,発見,今日,感じ,トマト,あんず,香り,380円,鶏もも肉,１,枚,揚げ,香味野菜,ソース,560円,大葉,しらす,チャーハン,680円,クルミ,入り,黒胡麻,あん,胡麻豆腐,1,個,180円,紹興酒,ムース,280円,どれ,美味しい,言わ,れ,どれ,旨い,素直,答え,いい,店,見つけ,2015年,4月10日,二,度目,訪問,前回,日,開け,夜,伺い,本日,感じ,蒸し鶏,三姉妹,380円,ニラ,豆もやし,にんにく,強火,炒め,460円,鶏肉,カシューナッツ,香り,唐辛子,炒め,620円,石焼き,海鮮,おこげ,880円,前回,こと,思い,味付け,角,なく,すごく,優しい,感じ,蒸し鶏,三,姉妹,鶏肉,カシューナッツ,香り,唐辛子,炒め,絶品,紹興酒,ビール,始め,アルコール,類,凄い,種類,取り揃え,いる,わけ,ツボ,抑え,いる,点数,アップ,し,2015年,4月7日,訪問,家,近所,素敵,中華料理店,見つけ,店名,癒,食,源,コンビニ,行く,途中,あっ,店,自体,知っ,い,今回,夜,利用,し,料理,味,過度,調味料,香辛料,使用,さ,れ,おら,全て,優しい,感じ,する,料理,量,多から,丁度,良い,感じ,特出,す,コストパフォーマンス,高い,ドリンク,酒,数,多く,いろいろ,種類,揃え,いらっしゃい,雰囲気,サービス,厨房,主人,ホール,奥様,経営,さ,れ,いる,みたい,席数,少ない,待つ,こと,なく,食事,でき,総評,街,中華屋,さん,感じ,料理,味,コスパ,高い,点数,つけ,ふだん,使い,できる,良,店
エキュート,立川,ぼのぼの,ショップ,出来,事,連れ,ん,立川,遊び,出先,ランチ,ここ,良,さ,そう,ウインズ,通り,ー,っ,行っ,所,ある,店,ランチメニュー,見,驚い,の,ランチ,安い,680円,メニュー,チョイス,出来る,820円,メニュー,コストパフォーマンス,良い,吟味,し,選ん,の,680円,ランチ,鶏肉,燻製,卵,丼,連れ,ちゃん,820円,ランチ,チョイス,し,の,チャーハン,酢豚,餅,粉,カレー,包み,デザート,紹興酒,ムース,15分,出て,来,料理人,1人,早い,ほう,思い,僕,頼ん,鶏肉,燻製,卵,丼,揚げ,鶏肉,茹で,青梗菜,燻製,卵,上,中華,あん,かけ,られ,い,美味し,そう,他,薬膳スープ,棒棒鶏,マンゴー,ムース,豪快,鶏肉,燻製,卵,ごはん,食べる,美味し,いあん,味,ガツン,香る,燻製,香り,すごく,美味しい,付属,スープ,紹興酒,効い,美味しい,もの,棒棒鶏,普通,美味しい,デザート,マンゴー,ムース,濃厚,これ,美味しい,連れ,ちゃん,料理,もらい,チャーハン,具,沢山,角切り,ゴボウ,良い,アクセント,なっ,い,酢豚,普通,美味しい,酢豚,一般,的,酢豚,その他,餅,粉,カレー,包ん,物,モチ,モチ,し,た食,感,カレー,ソース,うまく,合わさっ,い,これ,美味しい,デザート,紹興酒,ムース,食べ,黒糖,似,よう,味わい,紹興酒,旨み,つまっ,い,ほのか,苦み,ある,甘い,ムース,これ,すごく,美味しかっ,値段,これだけ,美味し,さ,味わえる,良心,的,店,行き,思わ,せ,くれる,良い,所,ごちそうさま
妊娠後期,入り,中華料理,食べ,なる,近頃,以前,気,なっ,い,こちら,店,伺い,来店,時間,日曜日,13時,頃,先客,二人,連れ,１,客,私たち,食事,し,いる,間,お客さん,入っ,い,偶然,思い,全員,若い,単独,男,人,文庫本,片手,食事,さ,れ,いる,方,皆さん,お気に入り,店,の,私たち,夫婦,通さ,れ,テーブル席,近く,料理,関連,書籍,たくさん,並ん,本棚,あり,自由,読む,こと,でき,興味深い,本,たくさん,あり,料理,待つ,間,食べ,終わっ,お茶,いただき,過ごす,こと,でき,中華料理店,カフェ,よう,居心地,良い,店,肝心,料理,メイン,２,種類,点心,１,種類,ご飯,１,種類,デザート,１,種類,ドリンク,１,種類,それぞれ,選べる,Bコース,お願い,し,Bコース,これ,加え,薬膳スープ,温野菜,小皿,付い,９,８,０,円,私,メイン,海老,マヨネーズ,ソース,麻婆豆腐,茄子,点心,水餃子,ご飯,うるおい,チャーハン,デザート,バニラアイス,バルサミコアップル,かけ,ドリンク,ホット,ウーロン茶,主人,メイン,豚肉,根菜,黒酢,酢豚,ソフトシェルクラブ,香草,パン粉,炒め,点心,カニ,クリーム,春巻,ご飯,うるおい,チャーハン,デザート,タピオカ,入り,ココナッツミルク,ドリンク,アイス,ジャスミン茶,内容,１,０,分,弱,料理,来,主人,頼ん,料理,味見,さ,せ,もらい,１,品,ハズレ,なく,無難,おいしい,レベル,なく,感動,的,おいし,さ,料理,相当,研究,さ,れ,いらっしゃる,思い,本場,方,作る,中華料理,おいしい,の,日本人,作っ,繊細,中華料理,私,舌,合う,よう,大,お気に入り,烏山,HANA,超え,しれ,一番,初め,口,し,薬膳スープ,口,含ん,瞬間,言え,幸せ,気分,なり,五臓六腑,沁み,渡る,味,食感,スパイス,香り,素晴らしい,水餃子,鮮烈,唐辛子,花椒,風味,麻婆豆腐,茄子,ハトムギ,松の実,胡麻,プチプチ,し,食感,楽しい,チャーハン,どれ,これ,目,覚める,よう,おいし,さ,満足,ランチタイム,なり,夜,伺い,思い
やるせない,毎日,中,くだらない,楽しみ,求め,前日,別,駅,飲ん,立川,泊,飲み,それ,充実ぶり,最終的,詰め,誤り,結果,見れ,の,知れ,僅か,可能性,求め,なっ,の,それ,それ,ヨシ,しよう,グダグダ,思い,廻っ,いき,中,宿泊,先,近く,以前,ブックマーク,し,い,此,方,店,目指し,開店,直後,11時,過ぎ,訪問,店頭,ランチメニュー,680円,看板,有る,考察,中,石焼き,麻婆豆腐,茄子,飯,680円,決め,入店,先客,0,好き,席,言わ,れ,自称,控えめ,さん,カウンター,席,一,番手,前,席,座り,冷や,置い,可愛らしい,奥さん,若っ,呑兵衛,ビール,有る,の,尋ね,生,瓶,あり,返答,瓶,メニュー,入っ,よう,届い,生ビール,420円,一番搾り,よう,乾い,細長い,葱,もの,ジョッキ,側面,くっつい,て,の,ビックリ,し,ぁたまたまだよきっと,気持ち,切り替え,店内,カウンター,5,2人,テーブル,2,3人,テーブル,1,etc,狭い,店内,目,一,杯,使っ,さん,座っ,カウンター,席,ソファ,よう,座り,心地,性格,足,控えめ,さん,深く,座る,足,浮き,笑,スペース,的,狭め,後ろ,通る,人,気,つけ,なら,知れ,カウンター,上,ビール,焼酎,ワイン,等,酒,瓶,並べ,られ,い,調理,音,穏やか,聴こえ,時間,流れ,いき,10分,弱,着,丼,小鉢,スープ,それ,一,口,アイスクリーム,思い,マンゴー,ヨーグルト,ムース,着い,い,丼,15,弱,椀,大きめ,カット,豆腐,茄子,見る,美味し,そう,一口,いただく,山椒,効い,美味,量,少食,さん,十分,小鉢,叉焼,揚げ,られ,大根,千切り,等,綺麗,盛ら,れ,い,味,濃,すぎ,goo,先程,ジョッキ,付い,い,の,大根,千切り,フライ,前,もの,ムース,普段,食べ,さん,衝撃,的,美味し,さ,これ,680円,CP,高い,おかげ,生ビール,酎,ハイレモン,380円,追加,し,ちゃい,笑,全体的,丁寧,作ら,れ,いる,印象,頑張っ,いる,の,伝わっ,き,先客,0,後,客,4,組,地元,方,達,時間,混雑,し,き,店員,さん,若い,夫婦,よう,マスター,黙っ,仕事,する,タイプ,奥さん,若い,落ち着い,接客,此,方,ランチ,美味しく,CP,高め,過ごせる,近く,あっ,通い
先日,食べログ,オフ会,２,４,次,会,後,西国立,飲ん,でる,他,オフ会,合流,する,ため,店,やってき,次,店,移動,間近,ビール,おつまみ,いただき,叉焼,美味しい,これ,レビュー,書く,の,いい,奥,あり,そう,店,日,再訪,し,日曜,午後,14時,近く,入店,先客,1,組,カウンター,席,座り,メニュー,見,コース,メニュー,なっ,い,7,品,820円,8,品,980円,ごはん,類,メイン,料理,小皿,野菜,スープ,デザート,ドリンク,7,品,の,し,コース,的,順,運ば,れ,くる,の,思い,15分,配膳,さ,れ,メイン,海鮮,中華,オムレツ,選択,ごはん,もの,チャーハン,小皿,焼売,し,ビール,瓶,扱い,ない,事,生,オムレツ,焼売,食べ,飲み,全般的,にそう,オムレツ,味付け,控え目,美味しい,チャーハン,適度,塩,っ,気,控え目,いい,中,具材,他,無い,よう,もの,入っ,クルミ,わかり,具材,食感,等,アクセント,なっ,い,好き,チャーハン,優しい,味付け,美味しい,店,雰囲気,いい,感じ,近所,あっ,普段使い,できる,し,幸せ,しれ,感じ,絶対,夜,方,面白い,はず,オフ会,早く,参加,すれ,良かっ
マイレビューアー,杉,ちゃん,レビュー,際,気,なっ,訪問,し,の,５月,半年,先日,訪問,いたし,訪問,シチュエーション,立川駅,１,５,分,位,途中,電話,いれ,席,確保,致し,日曜日,夜,１,９,時,頃,伺い,先客,一人,様,２,組み,夫婦,二人,ひと,組,前回,左,奥,席,座り,料理,パリ,パリ,春巻,2本,お醤油,要ら,味付け,済,餡,おつまみ,最適,10月,お勧め,豚バラ肉,入り,麻婆豆腐,黒板,メニュー,豚バラ肉,シッカリ,存在,ご飯,進み,叉焼,炒飯,腹ペコ,さん,最初,頼ん,じゃっ,パラリ,仕上がっ,い,茹鶏,三,姉妹,お腹,落ち着い,アテ,すごく,柔らかい,３,種,ソース,楽しい,これ,絶対,頼み,豆苗,強火,にんにく,炒め,前回,かぶっ,メニュー,苦笑,炒め,られ,にんにく,食欲,増進,こちら,化学調味料,一切,使わ,身体,良い,物,提供,し,いただける,優良,店,ありがち,味,物足りない,こと,有り,素材,旨み,引き出し,味,目,ご飯,召し上がり,なり,時,お酒,たしなみ,時,両方,大丈夫,蒸し,鳥,非常,感動,皆様,召し上がり,下さい,３,８,０,円,別,お酒,生ビール,2,紹興酒,燗,善,醸,作り,一,合,2,お酒,お安い,ん,今回,涼しく,なっ,言う,こと,紹興酒,燗,３,種,ある,紹興酒,善,醸,作り,セレクト,こちら,前回,訪問,し,とき,頂い,気に入っ,熟成,酒,燗,美味しい,の,ロック,冷,いただい,ほう,お勧め,お水,和らぎ,水,提供,スタイル,来店,お冷,提供,さ,れ,その後,奥様,手すき,補充,し,いただけ,接客,若い,夫婦,二人,切り盛り,さ,れ,い,穏やか,夫婦,印象,2度,共,ホール,担当,奥様,２,回,訪問,私,覚え,下さっ,い,感激,ホスピタリティ,良い,店,コスパ,上記,料理,腹いっぱい,ビール,紹興酒,頂い,二人,5420円,込,コスパ,よすぎ,前菜,メニュー,100円,台,あり,あれ,これ,選べる,楽しさ,あり,有難い,コスパ,客層,近所,かた,全般的,カウンター,小さめ,テーブル,中心,一人,様,多く,感じ,日,後,おひとりさま,来店,さ,れ,い,こちら,厨房,L,字,囲む,カウンター,店舗,の,居抜き,さ,れ,の,言っ,作り,テーブル席,MAX,５,名,様,の,グループ,不向き,思い,私,お気に入り,和やか,夫婦,りし,参り,思い
今日,楽しい,オフ会,最近,合,坦々,麵,麻婆豆腐,食べる,生活,今夜,美味しい,もの,食べ,本日,料理,クラゲ,胡麻,粒マスタード,280円,クラゲ,食感,好き,盛り,ちっちゃい,酒,アテ,いい,胡麻,粒マスタード,微妙,無く,美味しい,ジューシー,七色,豚,焼き餃子,4,ヶ,380円,羽,付き,美しい,姿,非常,し,餃子,これ,何,個,食べ,られ,そう,鶏,っ,肉,1枚,揚げ,香味野菜,ソース,560円,鶏肉,もも,ジューシー,もも肉,程よい,大き,さ,カット,さ,れ,い,食べ,易い,皮,食,感,味,もも肉,一緒,食べる,いいね,野菜,飾り,切り,キレイ,豆苗,強火,にんにく,炒め,680円,これ,好き,ん,見た目,シンプル,箸,進ん,紹興酒,善,醸仕,込み,2,080,円,今日,最初,ビール,紹興酒,グレフルサワー,ソフトシェルクラブ,香草,パン粉,炒め,800円,パン粉,最初,よっ,思っ,食べ,みる,違和感,無い,食べ応え,ある,な～,こだわり,麻婆豆腐,茄子,660円,今日,これ,山椒,効い,四川風,香り,ＭＰ,良い,一品,辛く,いい,味,バランス,取れ,い,辛い,美味い,一品,流石,こだわり,汁なし担々麺,780円,最近,坦々,麵,見る,試し,なる,結論,言う,麻,辣,効か,せ,いる,パンチ,特徴,ある,味,これ,辛い,の,駄目,人,厳しい,これ,特徴,ある,逆,印象,残る,これ,汁,なし,非常,美味しい,言う,の,接客,調理,非常,丁寧,さ,感じ,提供,遅く,なり,これ,ギリギリ,待て,ホール,方,丁寧,気遣い,あり,印象,一つ,お酒,提供,早く,し,方,良い,思い,最初,生ビール,スピード,大切,思い,これだけ,美味しい,もの,食べ,呑ん,値段,満足,来,後半,飛び込み,サプライズ,ゲスト,登場,し,盛り上がり,最期,店,前,取っ,写真,見
１,４,．,９,．,２,７,訪問,立ち呑み,オフ会,利用,最初,辺鄙,場所,ある,な～っ,思い,立川駅,離れ,居る,最寄駅,南武線,西国立,幹事,遅れ,来る,よう,２,人,先,始め,頼ん,料理,名前,覚え,無い,覚え,居る,物,記載,ここ,麻婆豆腐,茄子,山椒の実,粗,引き,なっ,いる,噛む,し,粗,引き,分,舌,痺れ,香辛料,絶妙,配合,美味しい,麻,婆,途中,幹事,来,紹興酒,ボトル,入れ,１,杯,飲ん,自分,合わ,味,臭み,ある,酒,苦手,茎,炒め,物,何,良く,わから,旨かっ,餃子,いまいちな,味,頼ん,汁,無し,坦々麺,山椒,粗,引き,入っ,い,これ,旨い,１,品,今度,昼間,来,食べ,み,思い,料理,所々,飾り,切り,し,野菜,乗っ,い,こちら,料理人,方,腕,の
昼,ランチ,訪問,店内,思っ,狭く,人数,行く,よう,店,あり,注文,し,の,820円,ランチ,ご飯,類,小皿,メイン,デザート,ドリンク,カテゴリー,一品,づつ,選択,し,メイン,黒酢,酢豚,ご飯,類,チャーハン,小皿,春巻き,デザート,杏仁豆腐,どれ,丁寧,こだわり,持っ,作ら,れ,いる,感,あり,非常,好感,もて,チェーン,系,中華,油,たっぷり,パンチ,ありません,いっ,味,おいしく,わけ,あり,チャーハン,酢豚,黒酢,ソース,肉,野菜,絡み,米,進み,先客,いら,し,出,くる,時間,かかり,キッチン,主人,一人,まわし,いる,仕方,たま,一人,うまい,もの,食べ,時,来,み,思い,P,.S,ドリンク,デザート,いら,安く,なれ,最高
西東京,9,軒,爆食,巡り,夜,激,安,西,東京,方面,1番,美味しい,中華料理,ある,知り合い,口コミ,行く,タイミング,はかっ,い,立川,中華,食堂,医食同源,美味しく,完,食,さ,せ,頂き,◾,中華,食堂,医食同源,立川市羽衣町,豚肉,根菜,黒酢,酢豚,780円,エビマヨ,510円,香ばしい,叉焼,チャーハン,680円,こだわり,汁なし担々麺,840円,⚫,食,獣,まろ,http://,instagram,.com,menterromaro,https,ameblo,.jp,korinai,menmen
前,行き,店,ようやく,訪問,ランチ,Bコース,1020円,メイン,鶏肉,カシューナッツ,香り,唐辛子,炒め,小皿,五目,春巻き,熟成,シュウマイ,デザート,杏仁豆腐,あんず,香り,ドリンク,アイスジャスミンティー,選択,うわさ,違わ,美味しかっ,料理,良し,接客,良し,行っ,良かっ,思える,店,友人,家族,訪れ,思い
２,０,１,８,年,６月,休日,ランチ,利用,し,ランチメニュー,Aコース,890円,鶏肉,カシュナッツ,香り,唐辛子,炒め,チャーハンパリパリ,五,目,春巻,杏仁豆腐,あんず,香り,野菜ジュース,鶏肉,カシュナッツ,メニュー,唐辛子,抜い,もらい,旦那さん,Aコース,こだわり,麻婆豆腐,茄子,チャーハン,大盛り,プラス,100円,熟成,焼売,杏仁豆腐,ウーロン茶,ホット,アイス,選べ,紹興酒,銀,龍,3年,一合,680円,記載,あり,グラス,380円,選べ,凄い,鶏肉,カシュナッツ,えのき茸,キノコ類,入っ,い,チャーハン,麦,ゴボウ,入っ,い,体,優しい,チャーハン,私,体,優しく,チャーハン,方,好き,デザート,一,口,サイズ,杏仁豆腐,甘,すぎ,美味しかっ
食べログ,見,訪問,夫婦,営む,店,訪問,し,際,マッサージ,店,よう,外観,主人,足,ケガ,し,張り紙,見,不安,気持ち,店,入っ,店内,大橋トリオ,ミュージック,流れ,落ち着い,雰囲気,女性,一,人,浮か,かん,選べる,ランチ,セット,注文,し,美味しかっ,の,パラパラチャーハン,ゴボウ,食感,良い,カシューナッツ,鶏肉,いため,スパイス,きい,い,良い,麻婆茄子,豆腐,スパイシー,水,がぶ飲み,ウマイ,キーマカレー,もち粉,揚げ,外,カリカリ,中,モチ,モチ,これ,最高,スパイス,薬膳,体調,整える,効果,ある,そう,こちら,食べ,あと,元気,なる,立川,大切,し,店
2015,08,01,カンブリア宮殿,放映,さ,れ,福島屋,行っ,み,直後,事,なのか,目当て,品,殆ど,なく,帰り道,立川,エリア,Top,5000,なっ,いる,事,選ん,店所,謂,食事,時,満席,パーキング,停め,しまっ,他,あて,なかっ,待つ,こと,し,それ,素晴らしく,美味しい,店,出会う,きっかけ,なろ,エビマヨ,海鮮,青菜,上海,焼きそば,ジューシー,七,色,豚,焼き餃子,ニラ,豆もやし,ニンニク,強火,炒め,menu,適当,気,なっ,4,品,オーダー,どれ,これ,驚く,美味しく,味付け,上品,安価,偶然,いえ,出会い,感謝,行き
仕事,都合,西国立,行っ,際,ランチタイム,行き,食べログ,調べ,ところ,西国立駅,近く,評価,店,発見,ローカル,場所,オレンジ色,目立つ,店,為,発見,でき,店内,いう,凄く,癒さ,れる,空間,椅子,テーブル,カフェ,よう,綺麗,作り,夫婦,経営,し,いる,二人,イラスト,かわいく,描か,れ,おり,し,空間,注文,し,料理,麻婆豆腐,ランチ,スープ,デザート,小鉢,付い,680円,安め,待っ,いる,間,図鑑,本,読め,笑,出て,きた,麻婆豆腐,丼,見た目,時点,当たり,確信,し,スパイス,効い,いる,くさい,訳,心地よい,具合,さっき,たくさん,あっ,麻,婆,一瞬,無くなり,笑,スープ,デザート,本当,美味しく,優し,い味,癒さ,れ,家,近けれ,毎日,寄り,店
中華,食堂,さん,立川駅,西国立駅,どちら,行ける,場所,駅,なれ,い,行く,価値,アリ,西国立駅,歩い,5分,程度,ランチ,邪魔,し,これ,値段,CP,高い,頼ん,の,980円,ランチ,コース,主食,メイン,おかず,2,品,スープ,デザート,ドリンク,サイドメニュー,おかず,凄い,ラインナップ,主食,メイン,おかず,等々,数種類,選べる,何,贅沢,仕様,これ,980円,まじ,一品,一,品,丁寧,仕事,味付け,どれ,抜かり,なし,ここ,いく
JR,南武線,西国立駅,徒歩,3,4分,JR,立川駅,南口,距離,あっ,13,4分,中華,食堂,癒,食,源,さん,12時,半,昼食,テイクアウト,購入,ため,訪問,医食同源,中国,ことわざ,よう,日本,出来,造語,そう,bywiki,食べログ,やっ,てる,こと,調べ,し,お利口さん,なり,の,常識,こちら,癒,食,源,い,字,癒さ,られる,癒,若い,店主,さん,料理,想い,美味しい,ごはん,酒,癒さ,れ,何度,イートイン,邪魔,し,い,新型,コロナ,緊急事態,宣言,下,こと,あり,テイクアウト,可能,こと,鶏,くん,ご飯,740円,電話,発注,店,着,カウンター,いす,席,店内,広く,ありません,人気,店,ランチ,お客さん,多め,親切,対応,女将,お代,渡し,ピックアップ,戻り,いただき,鶏肉,排骨,チンゲン菜,くん,たま,温かいごはん,オン,醤油,系,くせ,ない,あん,かけ,られ,い,具,美味しい,の,くん,たま,ラーメン店,味,玉,違い,燻製,風味,感じる,味付け,うまい,テイクアウト,メイン,丼,ぶり,一品,なる,若干,寂しい,気,し,分,値段,ダウン,贅沢,言い,よ～,外観,所謂,町中華,っぽい,見,楽しい,食べ,美味しい,絶品,創作,中華,店,癒さ,れ,ナイス,バーディー,o,n
車,通過,する,度,気,なっ,い,店,ランチ,予約,し,行っ,き,ランチ,予約,場合,11,15,来店,し,いけ,こと,ギリギリ,到着,私たち,一番乗り,メニュー,見,てる,どれ,美味,しそう,悩ん,しまう,選べる,C,コース,D,コース,し,夫婦,二人,営ん,いる,提供,時間,かかる,みたい,し,料理,し,いる,音,聞き,楽しみ,待っ,い,10分,料理,き,お盆,それぞれ,和食器,入っ,き,中華,和,雰囲気,C,コース,中身,す,葉,蒸し,おこわ,もち米,モチ,モチ,の,当たり前,味わい,ある,優しい,味付け,豚肉,チーズ,ミルフィーユ,酢豚,美味しい〜,肉団子,風,見た目,豚肉,これ,柔らかく,今,食べ,こと,ある,酢豚,違う,感じ,サツマイモ,入っ,い,甘,さ,あり,エビ,マヨネーズ,ソース,エビ,5,尾,入っ,い,マヨソース,絡み,好き,味,エビ,下,大根,スライス,等,あっ,こちら,サラダ,食べ,美味しかっ,水餃子,名前,通り,生地,水餃子,小皿,二,個,入っ,い,大きめ,食べ応え,あり,濃厚,マンゴ,プリン,ヨーグルト,ムース,マリアージュ,濃厚,プリン,ヨーグルト,ムース,腹いっぱい,ツル,ン,食べ,れ,これ,温野菜,薬膳,滋養,スープ,ドリンク,選べ,1500円,主人,D,コース,特製,チャーハン,麦,入り,チャーハン,し,いる,スパイシー,美味しかっ,豚,角煮,燻製,玉子,見た目,やら,れ,しまう,感じ,笑,柔らかい,トロ,トロ,角煮,絶妙,玉子,味,よく,白米,食べ,ー,ソフトシェルクラブ,香草,パン粉,炒め,スパイシー,蟹,柔らかく,食べ,やすく,美味しかっ,手,込ん,でる,丁寧,さ,伝わっ,くる,美味し,さ,キーマカレー,もち粉,揚げ,伸びる,生地,優しい,カレー,味,熟成,焼売,普段,焼売,興味,ない,私,美味しく,食べ,れ,アールグレイ,プリン,アールグレイ,感じる,美味しい,プリン,これ,温野菜,薬膳,滋養,スープ,ドリンク,つい,1630円,全体的,優しい,手,こん,丁寧,中華料理,印象,中華,塩分,強かっ,油,感,あっ,し,こちら,店,こと,なく,安心,し,食べ,れる,なっ,思い,コース,する,色々,種類,食べ,れる,主人,シェア,し,満足,量,多め,私,一人,半分,食べ,れ,食事,中,お客さん,入っ,き,帰る,頃,満席,最後,入っ,きた,人,1時間,待つ,食べ,なる,中華料理,ん,他,料理,食べ,おじゃま,し,ごちそうさま
１,２,０,０,頃,到着,先客,２,名,外,で待ち,夫婦,２,人,やっ,いる,ため,３,０,分,１,時間,お待ち,いただき,看板,あっ,覚悟,し,い,２,０,分,入店,店内,満席,６,割,入り,料理,美味しい,状態,提供,できる,よう,調整,し,いる,の,内装,普通,定食屋,さん,感じ,カウンター,テーブル,数,席,４,種,ランチメニュー,丼,メニュー,選ぶ,の,ランチメニュー,選択,でき,すごい,詳細,写真,とおり,コース,よう,提供,遅く,なっ,しまう,思う,店主,食事,楽しん,ほしい,心,感じる,二人,伺っ,の,二人,Ｂコース,注文,し,１,０,１,５,分,到着,ご飯,類,チャーハン,椎茸,卵,ネギ,入り,見た目,茶色,っぽい,の,椎茸,旨み,大変,美味しく,仕上がっ,いる,こちら,料理,全般,言える,の,調味料,的,味,素材,持ち味,引き出し,組み合わせ,し,中華料理,和,心,持っ,料理,なっ,いる,す,葉,蒸し,おこわ,す,葉,広げる,いい,香り,もち米,甘み,味わい深い,メイン,料理,海鮮,中華風,オムレツ,海鮮,エキス,たっぷり,玉子,スプーン,入れる,黒酢,あん,エキス,しみ,だし,大ぶり,エビ,数,個,入っ,い,完熟トマト,エビ,チリソース,他,店,ソース,脂っこく,残し,しまう,の,こちら,トマト,料理,感じ,ソース,完,食,し,しまう,美味し,さ,小皿,カニ,クリーム,春巻,カニクリームコロッケ,中身,包ん,春巻き,食べ,パリ,パリ,五目,春巻,パリ,パリ,し,皮,食べ,ごたえ,あり,キーマカレー,もち粉,揚げ,カレーパン,餅,バージョン,感じ,お餅,部分,優しい,味わい,熟成,焼売,ジューシー,焼売,カレー,タレ,オン,デザート,杏仁豆腐,あんず,香り,甘い,エキス,中,濃厚,杏仁,濃厚,マンゴ,プリン,ヨーグルト,ムース,マリアージュ,こちら,一,口,の,シメ,いい,サイズ,名残惜しい,美味し,さ,ドリンク,ジャスミン茶,ホット,軽い,気持ち,いただい,茶,葉,味,口,いっぱい,広がり,セット,以下,基本,付い,き,本日,温野菜,人参,カブ,薬膳,滋養,スープ,野菜,炊き出,し,いる,の,料理,素朴,フランス料理,いただい,いる,よう,組合せ,妙,言える,し,味わい,中華料理,形,借り,店主,創作料理,言う,心,手間,かけ,料理,いただく,方,幸せ,なり,全て,美味しかっ,おこわ,ジャスミン茶,シンプル,香り,味,奥行き,あり,店,良さ,象徴,する,よう,料理,器,味,あり,これ,1,020,円,・,頭,下がる,思い,できる,時,今度,別,メニュー,制覇,し,みたい,駅,遠い,真摯,良,店
休日,ランチ,11時,30,到着,先客,3,組,カウンター,Aコース,820円,オーダー,チャーハン,ソフトシェルクラブ,香草,パン粉,焼き,カニ,クリーム,春巻き,マンゴープリン,特保,メッツ,提供,あり,到着,スープ,普通に,美味しい,パン粉,焼き,カボチャ,ゴボウ,さつまいも,入っ,い,カニ,カニ,2,個,値段,的,妥当,量,の,パン粉,異常,かかっ,い,カレー,風味,感じ,パン粉,美味しい,野菜,絡ま,味,カニ,柔らかく,食べ,やすく,味,普通,美味しい,パン粉,絡む,美味しい,おかず,量,足ら,春巻き,あり,これ,私,１,番,ヒット,サクッ,皮,美味しい,中,カニ,クリーム,美味しい,チャーハン,優しい,味付け,ゴボウ,感,良い,アクセント,普通,茶碗,一杯,分,トータル,的,良い,量,なり,これ,温野菜,小鉢,一口,位,マンゴープリン,マンゴープリン,普通,美味しかっ,他,人,食べ,て,杏仁豆腐,まわり,大きい,サイズ,そちら,方,得,笑,これ,820円,確か,得,頑張っ,麻婆豆腐,食べ,違っ,感想,しれ,近けれ,毎日,ランチ,ひとつ,加わる,思い,行か,トータル,的,美味しく,得,頂き
2016,09,半年,後,再訪,する,決めて,有言実行,食べ,もの,選べる,ランチ,コース,Aコース,税込,820,うるおい,炒飯,温野菜,スープ,春巻き,鶏肉,カシュナッツ,香り,唐辛子,炒め,アールグレイ,プリン,食べ,感想,中華,言え,油,攻める,味,こちら,中華,攻める,包み込む,よう,優し,さ,あり,味,中華,の,食べ,後,中華,食べ,気,なら,不思議,感覚,さん,一つ,ジャンル,出来上がっ,い,炒飯,し,すぎ,最後,美味しく,いただけ,カシュナッツ,炒め,唐辛子,入っ,いる,全く,辛く,あり,個人的,ピリ辛,嬉しかっ,春巻き,パリ,パリ,美味しい,中華,アールグレイ,なんだろう,思い,プリン,絶品,味,これだけ,食べ,820円,の,泣け,き,あたり,個人,経営,店,出せ,値段,本当,行く,タイミング,考え,いけ,こと,なけれ,文句なし,点数,上げ,おき,次,何,食べよ,2016,03,風,噂,耳,し,気,なっ,い,店,潜入,成功,食べ,もの,ランチ,セット,税込,680円,あんかけチャーハン,スープ,棒々鶏,マンゴープリン,ヨーグルト,ムース,店,雰囲気,内装,中華屋,見え,店名,通り,し,カフェ,っぽい,空間,なっ,い,一人,様,居心地,良い,私,カウンター,椅子,高かっ,の,荷物,置く,場所,ない,の,不便,料理,感想,値段,クオリティ,高さ,人気,店,の,納得,薬膳スープ,上澄み,優しい,味,コンソメスープ,下,行く,薬酒,味,強く,なり,棒々鶏,鶏肉,口,中,勝手,崩れる,柔らかく,辛み,効い,ごま,ダレ,美味しい,あんかけチャーハン,焼き豚,炒飯,醤油,ベース,あん,組み合わせ,なっ,い,炒飯,上,あん,かける,の,カレーライス,要領,炒飯,あん,分かれ,いる,炒飯,炒飯,あん,２つ,組み合わせ,あん,量,調整,すれ,無限大,楽しめ,あん,め,炒飯,一緒,食べ,しつこい,味,なら,の,いい,炒飯,あん,美味しい,炒飯,お気に入り,デザート,濃厚,マンゴープリン,ヨーグルト,ムース,組み合わせ,食後,満足感,与え,くれ,残念,ところ,夫婦,経営,さ,れ,いる,店,こと,仕方,の,人気,店,週末,ランチタイム,混雑,し,1時間,待ち,こと,ある,よう,時間,追わ,れ,食事,する,こと,ある,行く,タイミング,見計らわ,いけ,の,自分,的,マイナス,ポイント,あと,些細,こと,カウンター,椅子,高さ,個人的,気,する,ポイント,こちら,店,場合,多数,方,問題,ない,高,さ,改善,し,欲しい,思わ,の,自分,不便,こと,記憶,残っ,しまい,総合,評価,行く,タイミング,計ら,いけ,点,点数,低め,つけ,い,クオリティ,高い,今後,点数,上がる,見込み,ある,店,次回,A,ランチ
西国立駅,近く,立川駅,歩き,来店,し,の,２,時,すぎ,平日,雨,日,空い,いる,思い,店内,満席,一人,お客さん,女性,一,人,入り,やすい,雰囲気,ランチメニュー,セット,注文,ランチメニュー,６,８,０,円,８,２,０,円,９,８,０,円,今回,頼ん,セット,７,品,８,２,０,円,薬膳スープ,野菜,好き,ご飯,類,メイン,料理,小皿,デザート,ドリンク,五,品,自由,選べる,たくさん,種類,ある,悩み,やっ,メニュー,前,何,しよ,悩ん,いる,瞬間,最高,幸せ,し,笑,選ん,ご飯,類,チャーハン,どこか,し,い,美味しい,メイン,豚,角煮,薫製,卵,豚,角煮,すごい,ん,箸,力,入れる,切れ,ちゃう,トロ,トロ,厚み,あり,味付け,good,小皿,水餃子,これ,おいしかっ,生地,もっち,もち,中,お肉,ジューシー,上,のっ,いる,みそ,アクセント,なっ,い,デザート,杏仁豆腐,驚く,なめらか,ドリンク,マンゴー,ジュース,セット,量,嬉しい,ジュース,濃厚,美味しい,これだけ,食べ,腹いっぱい,なり,胃もたれ,しない,料理,くどい,油,っぽ,さ,なく,食べ,られ,い,接客,1人,丁寧,居心地,よかっ,料理,最高,行き,ごちそうさま
めだか,し,かったん,食べログ,立川,ナンバーワン,中華料理,屋,笑,手作り,感,ある,中華,食堂,若,夫婦,切り盛り,する,繁盛店,キャパ,提供,し,いる,メニュー,数,する,大変,仕込み,聞い,大変,言っ,若い,二人,大丈夫,さ,頂い,の,胡麻和え,クラゲ,冷,菜,炙り,焼豚,お酒,頂き,本日,車,クラゲ,頭,触角,部分,クラゲ,メニュー,書か,れ,い,想像,通り,甘み,少ない,和え,方,擦り,胡麻,水分,吸い込ん,しまっ,クラゲ,ツルリ,し,食感,ありません,し,歯応え,良い,八丁味噌,香り,残る,焼豚,色,粉,水飴,使っ,い,タイプ,オーブン,焼い,の,焼い,いう,煮込ん,焼い,こだわり,努力,感じ,鍋,振り,見え,判断,困っ,ママ,聞い,四川,系,店,鍋,振り,音,鍋,見え,ん,事,締め,何,しよ,美人,ママ,さん,相談,する,四川,系,聞い,悩む,めだか,餡掛け,焼きそば,悩ん,い,四川,系,聞い,おこげ,気,なり,おこげ,四川料理,汁なし担々麺,勧め,られ,やめ,おき,悩ん,末,餡掛け,焼きそば,チョイス,揚げ焼き,し,様,加水,率,高め,平打ち,縮れ麺,焼き上げ,感じ,麺,喜多方,系,使う,様,タイプ,独特,食感,美味しい,かなり,ビックリ,し,の,餡掛け,餡,オイスターソース,味,四川,系,一般的,醤油,塩,使う,の,セオリー,これ,ビックリ,慣れ親しん,広東,系,味,いい,こ取り,花,人参,綺麗,カット,さ,れ,い,好感,持てる,店,中華,系,ラーメン屋,創作,中華,ダイニング,バー,的,店,いい,店,発見,めだか,予約,し,コース料理,食べ,い,次回,来店,時,歩いて行こう,紹興酒,カウンター,並ん,たし
美味しい,中華,求め,西国立,来,予習,し,おい,情報,よれ,混ん,いる,こと,午後1時,ピーク,越し,思い,甘く,店内,劇,混み,カウンター,ひとつだけ,空い,い,ラッキー,店員,さん,お話し,料理,出,くる,30分,待つ,こと,その間,飲ん,いる,いい,中生,ランチ,セット,麻婆豆腐,茄子,丼,注文,ランチ,セット,小鉢,付い,いる,の,ビール,おつまみ,代わり,ランチ,セット,小鉢,先出し,し,下さい,優しい,心遣い,感謝,中生,飲み,待つ,こと,20分,やってき,ランチ,セット,麻婆豆腐,茄子,丼,ありがち,脂,ギトギト,中華,素材,味,活かし,自然,味わい,優しい,中華,麻婆豆腐,麻婆茄子,両方,食べ,贅沢,悩み,解決,し,くれ,食後,デザート,スープ,付い,ビール,頼ん,1100円,これ,得,待つ,の,嫌い,方,向い,い,これだけ,美味しく,安い,料理,待つ,の,楽しみ,待ち時間,飲み,タイム,し,いい
日曜,ランチ,行き,ランチメニュー,いっ,豊富,メニュー,選べ,迷い,笑,ランチメニュー,ドリンク,デザート,小鉢,付い,し,料理,提供,待ち,丁寧,作っ,頂い,感じ,し,席,カウンター,ソファ,席,座り,にも,テーブル席,あり,料理,美味しく,頂け,良かっ
ランチ,コース,リーズナブル,値段,少量,一,皿,一,皿,出,くる,の,思っ,い,トレー,全て,お膳立て,さ,れ,見事,もの,それぞれ,料理,盛り付け,あり,それら,添え,られ,いる,食材,いい,アクセント,なっ,い,若い,方,やっ,おら,れ,センス,良さ,垣間見,られ,今度,是非,大勢,ディナー,来,みたい
食べログ,見,ランチ,時間,一人,訪問,入口,立て,看板,若い,夫婦,書い,ある,中,入る,ホント,若い,夫婦,頑張っ,い,接客,態度,好感度,Bコース,注文,8種類,メニュー,量,段取り,出,くる,の,想像,し,い,待つ,小皿,料理,8種類,一つ,お盆,のっかっ,出,き,見事,量,ランチ,良い,感じ,完,食,おいしかっ
